name,distance,moving_time,elapsed_time,total_elevation_gain,sport_type,start_date_local,achievement_count,kudos_count,comment_count,photo_count,average_speed,max_speed,average_heartrate,max_heartrate,elev_high,elev_low,pr_count,data,duracao
Treinamento com peso vespertino,0.0,4923,4923,0.0,treino com peso,2024-06-04 17:13:59+00:00,0,0,0,0,0.0,0.0,103.1,146.0,0.0,0.0,0,2024-06-04,4923
1/15 ğŸ«¡,6.8955,3110,3128,79.4,corrida,2024-06-03 18:19:09+00:00,0,4,0,0,7.9812,13.6692,146.1,180.0,526.6795289855072,506.58677536231886,0,2024-06-03,3128
Treinamento com peso vespertino,0.0,2471,2471,0.0,treino com peso,2024-06-03 17:17:44+00:00,0,0,0,0,0.0,0.0,99.8,130.0,0.0,0.0,0,2024-06-03,2471
Treinamento com peso matinal,0.0,5801,5801,0.0,treino com peso,2024-06-01 08:49:24+00:00,0,1,0,0,0.0,0.0,92.6,136.0,0.0,0.0,0,2024-06-01,5801
Corrida no Polo Norte ğŸ˜‚,6.6945,3372,3527,59.1,corrida,2024-05-31 17:30:13+00:00,0,3,0,0,7.146000000000001,19.0908,148.7,178.0,526.6795289855072,506.58677536231886,0,2024-05-31,3527
Treinamento com peso na hora do almoÃ§o,0.0,5422,5422,0.0,treino com peso,2024-05-30 12:02:49+00:00,0,0,0,0,0.0,0.0,90.2,128.0,0.0,0.0,0,2024-05-30,5422
Corrida da tarde,9.022200000000002,3693,3782,87.7,corrida,2024-05-29 17:29:36+00:00,0,3,0,0,8.7948,14.274,156.4,182.0,526.6795289855072,506.58677536231886,0,2024-05-29,3782
Treinamento com peso vespertino,0.0,4791,4791,0.0,treino com peso,2024-05-28 17:19:39+00:00,0,0,0,0,0.0,0.0,94.9,127.0,0.0,0.0,0,2024-05-28,4791
Corrida ao entardecer,6.806,2642,2677,37.2,corrida,2024-05-27 18:19:33+00:00,1,5,0,0,9.2736,15.181199999999999,163.3,182.0,526.6795289855072,506.58677536231886,0,2024-05-27,2677
Treinamento com peso vespertino,0.0,2491,2491,0.0,treino com peso,2024-05-27 17:17:10+00:00,0,2,0,0,0.0,0.0,105.2,134.0,0.0,0.0,0,2024-05-27,2491
7km endorfinada,7.032,2872,2911,61.2,corrida,2024-05-24 17:20:24+00:00,0,7,0,0,8.8128,12.0348,157.8,181.0,526.6795289855072,506.58677536231886,0,2024-05-24,2911
Treinamento com peso vespertino,0.0,4563,4563,0.0,treino com peso,2024-05-23 17:19:02+00:00,0,0,0,0,0.0,0.0,101.3,152.0,0.0,0.0,0,2024-05-23,4563
6km ğŸ¤©ğŸ¤©,6.0123,2727,2754,42.5,corrida,2024-05-22 17:32:43+00:00,0,6,0,0,7.938000000000001,11.394,149.2,170.0,526.6795289855072,506.58677536231886,0,2024-05-22,2754
Treinamento com peso vespertino,0.0,4339,4339,0.0,treino com peso,2024-05-21 17:27:29+00:00,0,0,0,0,0.0,0.0,100.8,159.0,0.0,0.0,0,2024-05-21,4339
De volta as pistas ğŸ¤©,3.5652,1752,1804,13.5,corrida,2024-05-20 18:14:52+00:00,0,5,2,0,7.3260000000000005,10.422,152.5,172.0,526.6795289855072,506.58677536231886,0,2024-05-20,1804
Treinamento com peso vespertino,0.0,2845,2845,0.0,treino com peso,2024-05-20 17:17:42+00:00,0,0,0,0,0.0,0.0,93.7,118.0,0.0,0.0,0,2024-05-20,2845
Corrida ao entardecer,1.86,1230,1230,0.0,corrida,2024-05-16 18:19:52+00:00,0,2,0,0,5.4432,0.0,120.6,135.0,526.6795289855072,506.58677536231886,0,2024-05-16,1230
Treinamento com peso vespertino,0.0,2760,2760,0.0,treino com peso,2024-05-16 17:33:36+00:00,0,0,0,0,0.0,0.0,94.0,127.0,0.0,0.0,0,2024-05-16,2760
Corrida ao entardecer,3.466,2389,2828,31.4,corrida,2024-05-15 18:13:10+00:00,0,2,0,0,5.2236,9.709200000000001,94.0,155.0,526.6795289855072,506.58677536231886,0,2024-05-15,2828
Treinamento com peso vespertino,0.0,2403,2403,0.0,treino com peso,2024-05-15 17:23:12+00:00,0,1,0,0,0.0,0.0,100.2,133.0,0.0,0.0,0,2024-05-15,2403
Corrida da tarde,2.61,1808,1808,0.0,corrida,2024-05-14 17:52:10+00:00,0,1,0,0,5.1984,0.0,121.7,128.0,526.6795289855072,506.58677536231886,0,2024-05-14,1808
Simulador de escada vespertino,0.0,1849,1849,0.0,simulador de escadas,2024-05-14 17:20:36+00:00,0,1,0,0,0.0,0.0,146.5,174.0,0.0,0.0,0,2024-05-14,1849
Treinamento com peso vespertino,0.0,4331,4331,0.0,treino com peso,2024-05-13 17:19:25+00:00,0,1,0,0,0.0,0.0,94.1,127.0,0.0,0.0,0,2024-05-13,4331
Treinamento com peso vespertino,0.0,3794,3794,0.0,treino com peso,2024-05-09 17:14:05+00:00,0,1,0,0,0.0,0.0,92.8,127.0,0.0,0.0,0,2024-05-09,3794
Simulador de escada ao entardecer,0.0,989,989,0.0,simulador de escadas,2024-05-08 18:13:37+00:00,0,3,0,0,0.0,0.0,134.1,168.0,0.0,0.0,0,2024-05-08,989
Pedalada da tarde,0.0,959,959,0.0,bicicleta,2024-05-08 17:55:33+00:00,0,2,0,0,0.0,0.0,104.2,132.0,0.0,0.0,0,2024-05-08,959
Welcome back bb,3.55,1934,1934,0.0,corrida,2024-05-08 17:21:29+00:00,0,3,0,0,6.6096,0.0,130.7,163.0,526.6795289855072,506.58677536231886,0,2024-05-08,1934
Treinamento com peso vespertino,0.0,5523,5523,0.0,treino com peso,2024-05-07 17:22:11+00:00,0,0,0,0,0.0,0.0,98.7,154.0,0.0,0.0,0,2024-05-07,5523
Treinamento com peso vespertino,0.0,5971,5971,0.0,treino com peso,2024-05-06 17:12:50+00:00,0,0,0,0,0.0,0.0,99.9,152.0,0.0,0.0,0,2024-05-06,5971
Caminhada matinal,4.3865,4205,4968,159.8,caminhada,2024-05-04 06:34:38+00:00,0,1,0,0,3.7548,36.8928,109.9,142.0,914.7,785.1,0,2024-05-04,4968
Corrida da tarde,2.82,2113,2113,0.0,corrida,2024-05-03 17:48:46+00:00,0,3,0,0,4.806,0.0,109.7,138.0,526.6795289855072,506.58677536231886,0,2024-05-03,2113
Simulador de escada vespertino,0.0,1934,1934,0.0,simulador de escadas,2024-05-03 17:14:52+00:00,0,0,0,0,0.0,0.0,146.8,174.0,0.0,0.0,0,2024-05-03,1934
Treinamento com peso vespertino,0.0,7900,7900,0.0,treino com peso,2024-05-02 17:14:40+00:00,0,0,0,0,0.0,0.0,101.0,163.0,0.0,0.0,0,2024-05-02,7900
Caminhada matinal,6.0768,5467,8059,174.4,caminhada,2024-05-01 06:29:07+00:00,0,1,0,0,4.0032000000000005,27.126,96.3,132.0,914.7,785.1,0,2024-05-01,8059
Treinamento com peso vespertino,0.0,5730,5730,0.0,treino com peso,2024-04-30 17:18:31+00:00,0,0,0,0,0.0,0.0,102.4,149.0,0.0,0.0,0,2024-04-30,5730
Treinamento com peso vespertino,0.0,5199,5199,0.0,treino com peso,2024-04-29 17:14:55+00:00,0,3,0,0,0.0,0.0,111.1,158.0,0.0,0.0,0,2024-04-29,5199
NataÃ§Ã£o matinal,2.025,3596,3596,0.0,nataÃ§Ã£o,2024-04-27 08:47:40+00:00,0,5,0,0,2.0267999999999997,0.0,131.63351449275362,131.63351449275362,0.0,0.0,0,2024-04-27,3596
Pedalada ao entardecer,0.0,674,674,0.0,bicicleta,2024-04-26 18:34:13+00:00,0,2,0,0,0.0,0.0,98.3,113.0,0.0,0.0,0,2024-04-26,674
Recuperando aos poucos ğŸ’ªğŸ½ğŸ’ªğŸ½ Caminhada tranquila para matar a saudade do corre ğŸ¤©,1.42,1227,1227,0.0,caminhada,2024-04-26 18:06:31+00:00,0,2,0,0,4.1652000000000005,0.0,118.7,132.0,0.0,0.0,0,2024-04-26,1227
Treino vespertino,0.0,2838,2838,0.0,treino livre,2024-04-26 17:18:48+00:00,0,0,0,0,0.0,0.0,76.4,111.0,0.0,0.0,0,2024-04-26,2838
Treinamento com peso vespertino,0.0,4501,4501,0.0,treino com peso,2024-04-25 17:14:25+00:00,0,0,0,0,0.0,0.0,99.6,149.0,0.0,0.0,0,2024-04-25,4501
Caminhada vespertina,7.0904,5234,5424,46.1,caminhada,2024-04-24 17:44:17+00:00,0,3,0,0,4.878,31.669200000000004,112.9,139.0,814.4,787.4,0,2024-04-24,5424
Treinamento com peso vespertino,0.0,6333,6333,0.0,treino com peso,2024-04-23 17:14:32+00:00,0,2,0,0,0.0,0.0,101.1,137.0,0.0,0.0,0,2024-04-23,6333
Treinamento com peso vespertino,0.0,5176,5176,0.0,treino com peso,2024-04-22 17:09:41+00:00,0,0,0,0,0.0,0.0,105.6,154.0,0.0,0.0,0,2024-04-22,5176
Caminhada matinal,6.991,6296,7058,174.1,caminhada,2024-04-21 06:19:04+00:00,0,2,0,0,3.9960000000000004,9.5508,112.8,135.0,914.7,785.1,0,2024-04-21,7058
Treinamento com peso matinal,0.0,6351,6351,0.0,treino com peso,2024-04-20 08:57:41+00:00,0,0,0,0,0.0,0.0,109.8,155.0,0.0,0.0,0,2024-04-20,6351
Pedalada ao entardecer,0.0,645,645,0.0,bicicleta,2024-04-19 18:45:06+00:00,0,1,0,0,0.0,0.0,125.4,142.0,0.0,0.0,0,2024-04-19,645
Simulador de escada ao entardecer,0.0,1900,1900,0.0,simulador de escadas,2024-04-19 18:10:24+00:00,0,1,0,0,0.0,0.0,154.1,179.0,0.0,0.0,0,2024-04-19,1900
Treinamento com peso vespertino,0.0,3399,3399,0.0,treino com peso,2024-04-19 17:12:27+00:00,0,1,0,0,0.0,0.0,81.6,107.0,0.0,0.0,0,2024-04-19,3399
Treinamento com peso vespertino,0.0,6254,6254,0.0,treino com peso,2024-04-18 17:09:55+00:00,0,1,0,0,0.0,0.0,100.9,138.0,0.0,0.0,0,2024-04-18,6254
Treinamento com peso vespertino,0.0,5525,5525,0.0,treino com peso,2024-04-17 17:23:49+00:00,0,0,0,0,0.0,0.0,102.8,160.0,0.0,0.0,0,2024-04-17,5525
Treino ao entardecer,0.0,469,469,0.0,treino livre,2024-04-16 18:15:32+00:00,0,2,0,0,0.0,0.0,110.2,136.0,0.0,0.0,0,2024-04-16,469
Pedalada da tarde,0.0,1886,1886,0.0,bicicleta,2024-04-16 17:43:48+00:00,0,3,0,0,0.0,0.0,118.9,136.0,0.0,0.0,0,2024-04-16,1886
Simulador de escada vespertino,0.0,1748,1748,0.0,simulador de escadas,2024-04-16 17:12:33+00:00,0,3,0,0,0.0,0.0,143.6,178.0,0.0,0.0,0,2024-04-16,1748
Treino ao entardecer,0.0,1744,1744,0.0,treino livre,2024-04-12 18:19:26+00:00,0,0,0,0,0.0,0.0,114.9,149.0,0.0,0.0,0,2024-04-12,1744
Treino vespertino,0.0,3182,3182,0.0,treino livre,2024-04-12 17:22:55+00:00,0,0,0,0,0.0,0.0,83.9,119.0,0.0,0.0,0,2024-04-12,3182
Treinamento com peso vespertino,0.0,5418,5418,0.0,treino com peso,2024-04-11 17:13:18+00:00,0,0,0,0,0.0,0.0,96.5,141.0,0.0,0.0,0,2024-04-11,5418
Treinamento com peso vespertino,0.0,4888,4888,0.0,treino com peso,2024-04-10 17:13:31+00:00,0,0,0,0,0.0,0.0,96.8,150.0,0.0,0.0,0,2024-04-10,4888
Treinamento com peso vespertino,0.0,3968,3968,0.0,treino com peso,2024-04-09 17:10:46+00:00,0,0,0,0,0.0,0.0,97.8,136.0,0.0,0.0,0,2024-04-09,3968
Treinamento com peso ao entardecer,0.0,3882,3882,0.0,treino com peso,2024-04-08 18:02:33+00:00,0,0,0,0,0.0,0.0,98.4,147.0,0.0,0.0,0,2024-04-08,3882
Simulador de escada vespertino,0.0,3619,3619,0.0,simulador de escadas,2024-04-05 17:18:11+00:00,0,1,0,0,0.0,0.0,136.4,171.0,0.0,0.0,0,2024-04-05,3619
Treinamento com peso vespertino,0.0,5037,5037,0.0,treino com peso,2024-04-04 17:11:28+00:00,0,0,0,0,0.0,0.0,94.8,137.0,0.0,0.0,0,2024-04-04,5037
Treinamento com peso vespertino,0.0,768,768,0.0,treino com peso,2024-04-03 17:49:11+00:00,0,0,0,0,0.0,0.0,137.3,153.0,0.0,0.0,0,2024-04-03,768
Simulador de escada vespertino,0.0,1547,1547,0.0,simulador de escadas,2024-04-03 17:21:02+00:00,0,0,0,0,0.0,0.0,159.8,176.0,0.0,0.0,0,2024-04-03,1547
Treinamento com peso vespertino,0.0,4442,4442,0.0,treino com peso,2024-04-02 17:16:11+00:00,0,1,0,0,0.0,0.0,95.6,131.0,0.0,0.0,0,2024-04-02,4442
Treinamento com peso vespertino,0.0,6375,6375,0.0,treino com peso,2024-04-01 17:25:35+00:00,0,2,0,0,0.0,0.0,94.9,141.0,0.0,0.0,0,2024-04-01,6375
Treinamento com peso matinal,0.0,5814,5814,0.0,treino com peso,2024-03-16 09:22:46+00:00,0,0,0,0,0.0,0.0,107.5,142.0,0.0,0.0,0,2024-03-16,5814
Corrida ao entardecer,5.0088,2244,2298,43.7,corrida,2024-03-15 18:23:18+00:00,0,0,0,0,8.035200000000001,13.5684,140.3,168.0,526.6795289855072,506.58677536231886,0,2024-03-15,2298
Treinamento com peso vespertino,0.0,5941,5941,0.0,treino com peso,2024-03-14 17:23:55+00:00,0,0,0,0,0.0,0.0,103.0,154.0,0.0,0.0,0,2024-03-14,5941
Corrida ao entardecer,2.1723000000000003,867,894,31.3,corrida,2024-03-13 19:18:37+00:00,0,3,0,0,9.0216,12.708,99.6,110.0,526.6795289855072,506.58677536231886,0,2024-03-13,894
Treinamento com peso vespertino,0.0,6491,6491,0.0,treino com peso,2024-03-12 17:23:45+00:00,0,0,0,0,0.0,0.0,99.3,146.0,0.0,0.0,0,2024-03-12,6491
Corrida ao entardecer,7.004,2976,3029,57.2,corrida,2024-03-11 18:21:09+00:00,0,3,0,0,8.4708,15.7428,148.0,173.0,526.6795289855072,506.58677536231886,0,2024-03-11,3029
Treinamento com peso matinal,0.0,4532,4532,0.0,treino com peso,2024-03-09 08:50:42+00:00,0,0,0,0,0.0,0.0,95.0,142.0,0.0,0.0,0,2024-03-09,4532
Treinamento com peso vespertino,0.0,5277,5277,0.0,treino com peso,2024-03-07 17:17:02+00:00,0,0,0,0,0.0,0.0,96.9,149.0,0.0,0.0,0,2024-03-07,5277
Treinamento com peso vespertino,0.0,4893,4893,0.0,treino com peso,2024-03-05 17:19:07+00:00,0,0,0,0,0.0,0.0,97.1,146.0,0.0,0.0,0,2024-03-05,4893
All limits - Hi limits ğŸ¤˜ğŸ¼ğŸ˜¬,10.067200000000001,4074,4098,250.9,corrida,2024-03-03 08:03:49+00:00,0,5,0,0,8.8956,27.3888,166.6,186.0,526.6795289855072,506.58677536231886,0,2024-03-03,4098
Corrida ao entardecer,7.0347,2747,2760,38.5,corrida,2024-03-01 18:20:14+00:00,1,4,0,0,9.2196,15.7176,147.7,168.0,526.6795289855072,506.58677536231886,1,2024-03-01,2760
Treino vespertino,0.0,2433,2433,0.0,treino livre,2024-03-01 17:15:05+00:00,0,0,0,0,0.0,0.0,73.6,94.0,0.0,0.0,0,2024-03-01,2433
Treinamento com peso vespertino,0.0,6726,6726,0.0,treino com peso,2024-02-29 17:11:42+00:00,0,1,0,0,0.0,0.0,105.0,182.0,0.0,0.0,0,2024-02-29,6726
Fartlek âœŠğŸ¼,8.037600000000001,3229,3289,66.5,corrida,2024-02-28 18:11:27+00:00,0,5,0,0,8.9604,14.6988,152.9,179.0,526.6795289855072,506.58677536231886,0,2024-02-28,3289
Treino vespertino,0.0,3001,3001,0.0,treino livre,2024-02-27 17:29:02+00:00,0,4,0,0,0.0,0.0,78.2,151.0,0.0,0.0,0,2024-02-27,3001
Regenerando â€¦,5.014399999999999,2365,2383,28.5,corrida,2024-02-26 18:18:42+00:00,0,4,0,0,7.632000000000001,11.610000000000001,154.5,188.0,526.6795289855072,506.58677536231886,0,2024-02-26,2383
A primeira meia a gente nÃ£o esquece ğŸ’ªğŸ½ğŸ’ªğŸ½,21.096700000000002,7487,7501,14.4,corrida,2024-02-25 07:02:35+00:00,75,13,2,0,10.1448,16.6824,172.7,183.0,526.6795289855072,506.58677536231886,39,2024-02-25,7501
Corrida da tarde,6.0145,2591,2616,56.6,corrida,2024-02-23 17:12:59+00:00,0,1,0,0,8.3556,11.2968,158.1,189.0,526.6795289855072,506.58677536231886,0,2024-02-23,2616
10 km,12.0544,4417,4520,78.8,corrida,2024-02-21 17:15:44+00:00,3,1,0,0,9.8244,15.688799999999999,115.1,180.0,526.6795289855072,506.58677536231886,0,2024-02-21,4520
Treinamento com peso vespertino,0.0,5880,5880,0.0,treino com peso,2024-02-20 17:16:22+00:00,0,0,0,0,0.0,0.0,95.7,165.0,0.0,0.0,0,2024-02-20,5880
Regenerativo,5.0201,2138,2146,29.7,corrida,2024-02-19 18:18:28+00:00,0,4,0,0,8.4528,12.4416,140.1,172.0,526.6795289855072,506.58677536231886,0,2024-02-19,2146
21 km - Rodagem,21.0167,8529,8628,187.3,corrida,2024-02-18 05:57:52+00:00,4,6,0,0,8.8704,17.046000000000003,142.4,161.0,526.6795289855072,506.58677536231886,2,2024-02-18,8628
Corrida da tarde,9.7454,3881,4091,50.1,corrida,2024-02-16 17:12:53+00:00,1,1,0,0,9.0396,16.7076,145.4,176.0,526.6795289855072,506.58677536231886,1,2024-02-16,4091
Treinamento com peso vespertino,0.0,4056,4056,0.0,treino com peso,2024-02-15 17:11:05+00:00,0,0,0,0,0.0,0.0,95.1,153.0,0.0,0.0,0,2024-02-15,4056
10km ğŸ’¨,13.064,4792,4967,82.0,corrida,2024-02-14 17:19:03+00:00,6,3,0,0,9.813600000000001,15.714,167.3,185.0,526.6795289855072,506.58677536231886,5,2024-02-14,4967
Regenerativo,5.057300000000001,2311,2348,26.6,corrida,2024-02-12 17:48:54+00:00,0,1,0,0,7.876800000000001,10.9044,161.7,177.0,526.6795289855072,506.58677536231886,0,2024-02-12,2348
18 km tranquilinho,18.0515,6877,7260,157.3,corrida,2024-02-11 06:08:40+00:00,5,2,0,0,9.450000000000001,16.5348,162.1,179.0,526.6795289855072,506.58677536231886,1,2024-02-11,7260
Treinamento com peso ao entardecer,0.0,2029,2029,0.0,treino com peso,2024-02-09 18:45:39+00:00,0,0,0,0,0.0,0.0,110.1,139.0,0.0,0.0,0,2024-02-09,2029
Tiros de 200m com elevaÃ§Ã£o ğŸ˜°ğŸ’ªğŸ½,8.0689,3931,4246,175.5,corrida,2024-02-09 17:24:28+00:00,0,1,0,0,7.3908,15.008399999999998,135.8,177.0,526.6795289855072,506.58677536231886,0,2024-02-09,4246
Treinamento com peso vespertino,0.0,4744,4744,0.0,treino com peso,2024-02-08 17:14:04+00:00,0,0,0,0,0.0,0.0,100.7,160.0,0.0,0.0,0,2024-02-08,4744
8 tiros 800 m e com chuvaaa ğŸŒ§ğŸŒ§,11.048200000000001,4524,4775,73.8,corrida,2024-02-07 17:19:31+00:00,1,5,0,0,8.791200000000002,13.6836,141.5,180.0,526.6795289855072,506.58677536231886,0,2024-02-07,4775
Treinamento com peso vespertino,0.0,6246,6246,0.0,treino com peso,2024-02-06 17:13:17+00:00,0,0,0,0,0.0,0.0,96.7,157.0,0.0,0.0,0,2024-02-06,6246
Regenerativo,7.0275,3080,3146,68.9,corrida,2024-02-05 17:18:16+00:00,0,4,0,0,8.215200000000001,14.500799999999998,142.9,164.0,526.6795289855072,506.58677536231886,0,2024-02-05,3146
Fartlek 11km ğŸƒğŸ¼â€â™€ï¸ğŸƒğŸ¼â€â™€ï¸,11.087299999999999,4319,4377,72.1,corrida,2024-02-04 05:30:37+00:00,0,6,0,0,9.241200000000001,14.612400000000001,155.2,177.0,526.6795289855072,506.58677536231886,0,2024-02-04,4377
Tiros 1km,7.823600000000001,2967,3203,20.2,corrida,2024-02-02 17:52:33+00:00,5,2,0,0,9.4932,15.303600000000001,157.1,181.0,526.6795289855072,506.58677536231886,1,2024-02-02,3203
Corrida da tarde,1.0197,493,500,17.7,corrida,2024-02-02 17:42:33+00:00,0,1,0,0,7.444800000000001,10.332,141.8,164.0,526.6795289855072,506.58677536231886,0,2024-02-02,500
Treinamento com peso vespertino,0.0,5420,5420,0.0,treino com peso,2024-02-01 17:15:15+00:00,0,0,0,0,0.0,0.0,101.0,171.0,0.0,0.0,0,2024-02-01,5420
Corrida da tarde,9.0265,3568,3636,74.7,corrida,2024-01-31 17:16:45+00:00,0,2,0,0,9.107999999999999,17.5608,154.8,178.0,526.6795289855072,506.58677536231886,0,2024-01-31,3636
Treinamento com peso vespertino,0.0,3949,3949,0.0,treino com peso,2024-01-30 17:14:49+00:00,0,0,0,0,0.0,0.0,96.5,170.0,0.0,0.0,0,2024-01-30,3949
Regenerativo,6.0,2870,2870,0.0,corrida,2024-01-29 17:32:58+00:00,0,1,0,0,7.5276000000000005,0.0,141.8,169.0,526.6795289855072,506.58677536231886,0,2024-01-29,2870
Volta de AscensÃ£o ğŸ¥µ,8.7313,3793,3880,191.3,corrida,2024-01-28 08:15:27+00:00,1,6,0,0,8.2872,12.258,159.9,178.0,526.6795289855072,506.58677536231886,0,2024-01-28,3880
Ida Ã¡ AscensÃ£o,8.703700000000001,3859,4056,167.9,corrida,2024-01-28 06:46:02+00:00,0,3,0,0,8.118,11.9952,149.1,176.0,526.6795289855072,506.58677536231886,0,2024-01-28,4056
Treinamento com peso matinal,0.0,5503,5503,0.0,treino com peso,2024-01-27 09:05:00+00:00,0,1,0,0,0.0,0.0,103.2,165.0,0.0,0.0,0,2024-01-27,5503
Tiros de 500 m ğŸ¥µ,6.0138,2339,2615,16.3,corrida,2024-01-26 17:52:48+00:00,0,5,0,0,9.255600000000001,15.4044,143.2,182.0,526.6795289855072,506.58677536231886,0,2024-01-26,2615
Corrida da tarde,0.51,155,155,0.0,corrida,2024-01-26 17:43:17+00:00,0,2,0,0,11.844000000000001,0.0,106.6,117.0,526.6795289855072,506.58677536231886,0,2024-01-26,155
Corrida da tarde,0.5,180,180,0.0,corrida,2024-01-26 17:37:46+00:00,0,1,0,0,10.0008,0.0,146.8,175.0,526.6795289855072,506.58677536231886,0,2024-01-26,180
Corrida da tarde,2.02,945,945,0.0,corrida,2024-01-26 17:20:29+00:00,0,1,0,0,7.6968,0.0,148.7,163.0,526.6795289855072,506.58677536231886,0,2024-01-26,945
Treinamento com peso vespertino,0.0,4143,4143,0.0,treino com peso,2024-01-25 17:14:10+00:00,0,0,0,0,0.0,0.0,106.9,170.0,0.0,0.0,0,2024-01-25,4143
Tiros de 100 m ğŸ¥µ,7.7593000000000005,3663,3960,88.4,corrida,2024-01-24 17:32:36+00:00,0,5,0,0,7.6248,40.7664,136.2,172.0,526.6795289855072,506.58677536231886,0,2024-01-24,3960
Treinamento com peso vespertino,0.0,4215,4215,0.0,treino com peso,2024-01-23 17:34:38+00:00,0,0,0,0,0.0,0.0,102.0,167.0,0.0,0.0,0,2024-01-23,4215
Regenerativo,7.0393,3323,3384,76.7,corrida,2024-01-22 17:16:27+00:00,0,1,0,0,7.6248,10.8108,142.5,160.0,526.6795289855072,506.58677536231886,0,2024-01-22,3384
ManhÃ£ de tiros ğŸ¤©,10.241200000000001,4428,4532,57.1,corrida,2024-01-21 05:51:24+00:00,0,5,0,0,8.3268,16.344,146.3,175.0,526.6795289855072,506.58677536231886,0,2024-01-21,4532
Treinamento com peso matinal,0.0,8162,8162,0.0,treino com peso,2024-01-20 09:33:22+00:00,0,2,0,0,0.0,0.0,96.4,151.0,0.0,0.0,0,2024-01-20,8162
Corrida ao entardecer,9.040799999999999,3599,3676,58.0,corrida,2024-01-19 18:15:51+00:00,1,4,0,0,9.0432,16.8012,159.2,178.0,526.6795289855072,506.58677536231886,0,2024-01-19,3676
Treinamento com peso vespertino,0.0,3671,3671,0.0,treino com peso,2024-01-18 17:48:30+00:00,0,1,0,0,0.0,0.0,97.7,152.0,0.0,0.0,0,2024-01-18,3671
Corrida ao entardecer,10.048200000000001,4130,4213,86.7,corrida,2024-01-17 18:26:45+00:00,0,6,0,0,8.758799999999999,13.5036,153.6,182.0,526.6795289855072,506.58677536231886,0,2024-01-17,4213
Treinamento com peso vespertino,0.0,4810,4810,0.0,treino com peso,2024-01-16 17:56:59+00:00,0,1,0,0,0.0,0.0,100.5,148.0,0.0,0.0,0,2024-01-16,4810
Bug do Strava ğŸ˜‚,5.0234,1627,2280,60.8,corrida,2024-01-15 18:19:47+00:00,0,3,0,0,11.116800000000001,42.4188,137.2,155.0,526.6795289855072,506.58677536231886,0,2024-01-15,2280
Longuinho da semana,16.0461,6063,6146,122.4,corrida,2024-01-14 05:35:52+00:00,2,9,0,0,9.5292,17.3808,157.8,175.0,526.6795289855072,506.58677536231886,1,2024-01-14,6146
Treinamento com peso matinal,0.0,5058,5058,0.0,treino com peso,2024-01-13 08:44:34+00:00,0,3,0,0,0.0,0.0,104.9,165.0,0.0,0.0,0,2024-01-13,5058
Corrida ao entardecer,0.9691000000000001,620,810,0.0,corrida,2024-01-12 18:36:50+00:00,0,3,0,0,5.6268,9.5472,138.8,154.0,526.6795289855072,506.58677536231886,0,2024-01-12,810
Treino de tiro ğŸ”«ğŸ”ğŸƒğŸ¼â€â™€ï¸,6.479100000000001,2376,2664,21.3,corrida,2024-01-12 17:51:44+00:00,5,3,0,0,9.8172,16.3836,149.9,182.0,526.6795289855072,506.58677536231886,2,2024-01-12,2664
Treinamento com peso vespertino,0.0,5023,5023,0.0,treino com peso,2024-01-11 17:43:46+00:00,0,1,0,0,0.0,0.0,114.8,172.0,0.0,0.0,0,2024-01-11,5023
Desaquecimento,0.5288999999999999,346,351,3.4,corrida,2024-01-10 18:59:36+00:00,0,1,0,0,5.5043999999999995,10.3392,132.3,145.0,526.6795289855072,506.58677536231886,0,2024-01-10,351
Fartlek,10.0648,3941,4037,87.3,corrida,2024-01-10 17:51:39+00:00,1,2,0,0,9.1944,16.2972,144.5,180.0,526.6795289855072,506.58677536231886,1,2024-01-10,4037
Treinamento com peso vespertino,0.0,4147,4147,0.0,treino com peso,2024-01-09 17:51:23+00:00,0,1,0,0,0.0,0.0,100.8,170.0,0.0,0.0,0,2024-01-09,4147
Regenerativo,7.0278,3172,3195,59.4,corrida,2024-01-08 17:46:35+00:00,0,4,0,0,7.977600000000001,12.3588,149.7,165.0,526.6795289855072,506.58677536231886,0,2024-01-08,3195
Treino 1 - 500 m,0.5,863,863,0.0,nataÃ§Ã£o,2024-01-07 08:35:07+00:00,0,3,0,0,2.0844,0.0,131.63351449275362,131.63351449275362,0.0,0.0,0,2024-01-07,863
Finalizando o longuinho,1.0219,453,460,15.8,corrida,2024-01-07 07:59:54+00:00,0,2,0,0,8.121599999999999,10.663200000000002,154.0,162.0,526.6795289855072,506.58677536231886,0,2024-01-07,460
Dia de longuinho,14.119200000000001,5515,6115,95.4,corrida,2024-01-07 06:12:53+00:00,5,6,0,0,9.216000000000001,40.95,154.3,173.0,526.6795289855072,506.58677536231886,1,2024-01-07,6115
Treinamento com peso matinal,0.0,5396,5396,0.0,treino com peso,2024-01-06 08:44:37+00:00,0,1,0,0,0.0,0.0,116.4,162.0,0.0,0.0,0,2024-01-06,5396
Bug do Strava ğŸ˜’,6.1312,2077,3250,81.9,corrida,2024-01-05 17:53:34+00:00,2,2,0,0,10.6272,39.402,143.6,175.0,526.6795289855072,506.58677536231886,2,2024-01-05,3250
Treinamento com peso vespertino,0.0,5295,5295,0.0,treino com peso,2024-01-04 17:52:17+00:00,0,1,0,0,0.0,0.0,105.7,160.0,0.0,0.0,0,2024-01-04,5295
Corrida ao entardecer,1.0068,526,537,13.3,corrida,2024-01-03 18:26:16+00:00,0,1,0,0,6.8904,10.5372,150.2,164.0,526.6795289855072,506.58677536231886,0,2024-01-03,537
Bug do Strava ğŸ˜Ÿ,5.4976,1477,2434,34.0,corrida,2024-01-03 17:45:21+00:00,1,3,0,0,13.3992,39.2904,157.3,178.0,526.6795289855072,506.58677536231886,1,2024-01-03,2434
Corrida ao entardecer,2.15,935,935,0.0,corrida,2024-01-02 18:46:33+00:00,0,1,0,0,8.2764,0.0,145.3,165.0,526.6795289855072,506.58677536231886,0,2024-01-02,935
Treinamento com peso vespertino,0.0,3267,3267,0.0,treino com peso,2024-01-02 17:51:42+00:00,0,1,0,0,0.0,0.0,98.1,131.0,0.0,0.0,0,2024-01-02,3267
Corrida ao entardecer,0.9354,434,512,15.4,corrida,2023-12-27 18:21:19+00:00,0,0,0,0,7.757999999999999,27.4284,159.7,169.0,526.6795289855072,506.58677536231886,0,2023-12-27,512
Bug do Strava ğŸ§,6.0632,2136,2363,37.8,corrida,2023-12-27 17:41:26+00:00,2,1,0,0,10.2204,41.0328,153.3,177.0,526.6795289855072,506.58677536231886,1,2023-12-27,2363
Treinamento com peso vespertino,0.0,5217,5217,0.0,treino com peso,2023-12-26 17:54:27+00:00,0,0,0,0,0.0,0.0,100.9,143.0,0.0,0.0,0,2023-12-26,5217
1 km Desaquecimento,1.0055,711,722,10.5,corrida,2023-12-25 18:42:02+00:00,0,0,0,0,5.0904,10.0692,121.6,142.0,526.6795289855072,506.58677536231886,0,2023-12-25,722
2km Aquecimento + 4 km run,6.0415,2337,2364,27.6,corrida,2023-12-25 18:01:15+00:00,0,1,0,0,9.306000000000001,15.065999999999999,161.9,181.0,526.6795289855072,506.58677536231886,0,2023-12-25,2364
Corrida ao entardecer,7.273899999999999,3096,3147,58.1,corrida,2023-12-22 18:16:49+00:00,1,3,0,0,8.4564,18.2952,151.9,169.0,526.6795289855072,506.58677536231886,0,2023-12-22,3147
Treinamento com peso vespertino,0.0,3896,3896,0.0,treino com peso,2023-12-21 17:27:11+00:00,0,0,0,0,0.0,0.0,108.2,178.0,0.0,0.0,0,2023-12-21,3896
Aquecimento + 5km + Desaquecimento,6.059699999999999,2322,2344,53.0,corrida,2023-12-20 18:00:30+00:00,0,1,0,0,9.395999999999999,14.958000000000002,100.4,126.0,526.6795289855072,506.58677536231886,0,2023-12-20,2344
Treinamento com peso vespertino,0.0,6978,6978,0.0,treino com peso,2023-12-19 17:56:48+00:00,0,0,0,0,0.0,0.0,108.1,155.0,0.0,0.0,0,2023-12-19,6978
Aquecimento + 4km + Desaquecimento,5.0461,2061,2110,29.8,corrida,2023-12-18 18:12:41+00:00,0,3,0,0,8.8128,14.2524,143.9,167.0,526.6795289855072,506.58677536231886,0,2023-12-18,2110
Aquecimento + 10km + Desaquecimento,10.9992,4230,4275,79.5,corrida,2023-12-17 05:37:56+00:00,4,4,0,0,9.360000000000001,14.904,151.8,172.0,526.6795289855072,506.58677536231886,2,2023-12-17,4275
5km full,5.021100000000001,1717,1726,29.8,corrida,2023-12-15 18:31:18+00:00,3,5,0,0,10.5264,15.084000000000001,149.9,183.0,526.6795289855072,506.58677536231886,0,2023-12-15,1726
Treinamento com peso ao entardecer,0.0,4295,4295,0.0,treino com peso,2023-12-14 18:05:48+00:00,0,1,0,0,0.0,0.0,98.8,136.0,0.0,0.0,0,2023-12-14,4295
Aquecimento + 6km + Desaquecimento,7.777100000000001,3314,3385,79.0,corrida,2023-12-13 18:06:00+00:00,2,1,0,0,8.4492,19.4004,151.7,176.0,526.6795289855072,506.58677536231886,0,2023-12-13,3385
Treinamento com peso vespertino,0.0,3828,3828,0.0,treino com peso,2023-12-12 17:54:49+00:00,0,0,0,0,0.0,0.0,94.8,128.0,0.0,0.0,0,2023-12-12,3828
Regenerativo,4.982600000000001,2142,2158,30.9,corrida,2023-12-11 18:17:53+00:00,0,0,0,0,8.3736,14.497200000000001,162.7,178.0,526.6795289855072,506.58677536231886,0,2023-12-11,2158
24Âª Volta Internacional da Pampulha,18.6464,7046,7056,33.2,corrida,2023-12-10 06:36:41+00:00,38,12,0,0,9.5148,14.1948,174.4,187.0,526.6795289855072,506.58677536231886,38,2023-12-10,7056
Treinamento com peso vespertino,0.0,2621,2621,0.0,treino com peso,2023-12-07 17:43:20+00:00,0,1,0,0,0.0,0.0,95.6,122.0,0.0,0.0,0,2023-12-07,2621
Aquecimento + 10 km mantendo ritmo + Desaquecimento,12.4264,5143,5289,68.5,corrida,2023-12-06 17:53:37+00:00,1,3,0,0,8.6976,13.377600000000001,158.7,183.0,526.6795289855072,506.58677536231886,0,2023-12-06,5289
Regenerativo,5.0167,2454,2476,29.5,corrida,2023-12-04 18:17:41+00:00,0,1,0,0,7.3584000000000005,11.170800000000002,140.1,181.0,526.6795289855072,506.58677536231886,0,2023-12-04,2476
18 km / Sub 2 horas ğŸƒğŸ¼â€â™€ï¸ğŸƒğŸ¼â€â™€ï¸,13.9845,5408,5534,155.3,corrida,2023-12-03 05:18:30+00:00,1,4,0,0,9.3096,15.6816,163.9,185.0,526.6795289855072,506.58677536231886,0,2023-12-03,5534
Treinamento com peso matinal,0.0,2650,2650,0.0,treino com peso,2023-12-02 08:26:32+00:00,0,0,0,0,0.0,0.0,98.7,138.0,0.0,0.0,0,2023-12-02,2650
Aquecimento + 8km mantendo ritmo + Desaquecimento,10.0195,4068,4223,72.8,corrida,2023-12-01 18:17:20+00:00,2,2,0,0,8.866800000000001,15.2064,156.9,185.0,526.6795289855072,506.58677536231886,0,2023-12-01,4223
Treinamento com peso vespertino,0.0,4022,4022,0.0,treino com peso,2023-11-30 17:46:00+00:00,0,0,0,0,0.0,0.0,98.5,140.0,0.0,0.0,0,2023-11-30,4022
Aquecimento + 8 X 800 M + Desaquecimento,9.1053,3666,4391,17.3,corrida,2023-11-29 18:06:08+00:00,2,5,0,0,8.942400000000001,15.0516,148.5,190.0,526.6795289855072,506.58677536231886,1,2023-11-29,4391
Treinamento com peso vespertino,0.0,7091,7091,0.0,treino com peso,2023-11-28 16:20:31+00:00,0,1,0,0,0.0,0.0,109.2,156.0,0.0,0.0,0,2023-11-28,7091
Regenerativo,7.041300000000001,2932,3018,79.4,corrida,2023-11-27 18:25:11+00:00,0,1,0,0,8.647200000000002,12.366,154.9,177.0,526.6795289855072,506.58677536231886,0,2023-11-27,3018
Longuinho,11.1867,4588,4913,87.1,corrida,2023-11-26 06:27:01+00:00,1,3,0,0,8.776800000000001,14.601600000000001,157.5,183.0,526.6795289855072,506.58677536231886,0,2023-11-26,4913
Corrida ao entardecer,6.605,2991,3182,61.9,corrida,2023-11-24 18:19:29+00:00,0,2,0,0,7.948800000000001,19.3572,151.7,178.0,526.6795289855072,506.58677536231886,0,2023-11-24,3182
Treinamento com peso matinal,0.0,3798,3798,0.0,treino com peso,2023-11-23 08:32:31+00:00,0,0,0,0,0.0,0.0,111.1,154.0,0.0,0.0,0,2023-11-23,3798
Corrida matinal,8.0174,3282,3418,44.7,corrida,2023-11-22 05:25:19+00:00,1,2,0,0,8.7948,13.644,162.6,179.0,526.6795289855072,506.58677536231886,0,2023-11-22,3418
Treinamento com peso matinal,0.0,5965,5965,0.0,treino com peso,2023-11-21 09:46:25+00:00,0,0,0,0,0.0,0.0,104.5,157.0,0.0,0.0,0,2023-11-21,5965
Corrida ao entardecer,7.0,3250,3250,0.0,corrida,2023-11-20 18:06:30+00:00,0,0,0,0,7.7543999999999995,0.0,158.8,186.0,526.6795289855072,506.58677536231886,0,2023-11-20,3250
Treinamento com peso matinal,0.0,5626,5626,0.0,treino com peso,2023-11-18 08:34:21+00:00,0,1,0,0,0.0,0.0,96.3,145.0,0.0,0.0,0,2023-11-18,5626
Corrida ao entardecer,6.5646,2434,3484,42.9,corrida,2023-11-17 18:18:58+00:00,0,2,0,0,9.709200000000001,17.676000000000002,140.5,179.0,526.6795289855072,506.58677536231886,0,2023-11-17,3484
Treinamento com peso vespertino,0.0,5501,5501,0.0,treino com peso,2023-11-16 17:54:23+00:00,0,0,0,0,0.0,0.0,106.9,141.0,0.0,0.0,0,2023-11-16,5501
Corrida matinal,6.3966,2470,2826,41.5,corrida,2023-11-15 06:12:05+00:00,0,4,0,0,9.324,14.4072,159.6,176.0,526.6795289855072,506.58677536231886,0,2023-11-15,2826
Corrida matinal,3.7694,1660,1706,41.7,corrida,2023-11-15 05:42:17+00:00,0,2,0,0,8.1756,10.8936,162.9,179.0,526.6795289855072,506.58677536231886,0,2023-11-15,1706
Treinamento com peso vespertino,0.0,5979,5979,0.0,treino com peso,2023-11-14 17:48:44+00:00,0,1,0,0,0.0,0.0,100.8,151.0,0.0,0.0,0,2023-11-14,5979
Longuinho para aquecer as pernas ğŸš€,24.075400000000002,10670,11606,121.9,corrida,2023-11-12 05:48:01+00:00,1,8,3,0,8.121599999999999,15.786,156.5,188.0,526.6795289855072,506.58677536231886,0,2023-11-12,11606
Corrida ao entardecer,10.017100000000001,3718,3770,44.5,corrida,2023-11-10 18:33:30+00:00,5,5,0,0,9.6984,15.292800000000002,167.9,180.0,526.6795289855072,506.58677536231886,1,2023-11-10,3770
Corrida ao entardecer,0.991,522,529,30.7,corrida,2023-11-10 18:22:28+00:00,0,2,0,0,6.8328,10.458,147.8,162.0,526.6795289855072,506.58677536231886,0,2023-11-10,529
Treinamento com peso vespertino,0.0,6284,6284,0.0,treino com peso,2023-11-09 17:45:18+00:00,0,1,0,0,0.0,0.0,112.9,161.0,0.0,0.0,0,2023-11-09,6284
Corrida da tarde,6.9733,3185,3381,69.7,corrida,2023-11-08 17:59:45+00:00,0,4,0,0,7.880400000000001,16.9344,142.8,174.0,526.6795289855072,506.58677536231886,0,2023-11-08,3381
Treinamento com peso vespertino,0.0,5723,5723,0.0,treino com peso,2023-11-07 17:52:46+00:00,0,2,0,0,0.0,0.0,106.3,163.0,0.0,0.0,0,2023-11-07,5723
Corrida ao entardecer,7.0352,3196,3256,38.7,corrida,2023-11-06 18:19:34+00:00,0,0,0,0,7.9236,14.1984,142.7,159.0,526.6795289855072,506.58677536231886,0,2023-11-06,3256
Dia de tiro ğŸš€ğŸš€ğŸš€,7.1293999999999995,3055,3224,45.1,corrida,2023-11-05 06:43:23+00:00,1,5,0,0,8.4024,15.465600000000002,153.4,179.0,526.6795289855072,506.58677536231886,0,2023-11-05,3224
Corrida ao entardecer,10.2844,4077,4250,91.6,corrida,2023-11-03 18:15:02+00:00,4,4,0,0,9.0828,35.7588,157.5,181.0,526.6795289855072,506.58677536231886,1,2023-11-03,4250
Corrida da tarde,10.037,4051,4128,86.3,corrida,2023-11-01 17:46:13+00:00,1,1,0,0,8.920800000000002,12.232800000000001,157.9,176.0,526.6795289855072,506.58677536231886,0,2023-11-01,4128
Treinamento com peso ao entardecer,0.0,4942,4942,0.0,treino com peso,2023-10-31 18:04:27+00:00,0,0,0,0,0.0,0.0,102.3,137.0,0.0,0.0,0,2023-10-31,4942
Corrida ao entardecer,5.0069,2496,2527,27.9,corrida,2023-10-30 18:16:45+00:00,0,2,0,0,7.2216,12.3804,159.7,183.0,526.6795289855072,506.58677536231886,0,2023-10-30,2527
LongÃ£o ğŸƒğŸ¼â€â™€ï¸ğŸ«¶ğŸ¼,18.113400000000002,7734,8309,80.2,corrida,2023-10-29 05:45:04+00:00,2,4,0,0,8.4312,18.5148,156.1,171.0,526.6795289855072,506.58677536231886,1,2023-10-29,8309
Treinamento com peso matinal,0.0,7796,7796,0.0,treino com peso,2023-10-28 09:22:09+00:00,0,1,0,0,0.0,0.0,99.1,150.0,0.0,0.0,0,2023-10-28,7796
Corrida ao entardecer,7.8536,3320,3514,13.7,corrida,2023-10-27 18:23:15+00:00,0,1,0,0,8.5176,14.4648,152.2,180.0,526.6795289855072,506.58677536231886,0,2023-10-27,3514
Treinamento com peso vespertino,0.0,6772,6772,0.0,treino com peso,2023-10-26 17:50:10+00:00,0,0,0,0,0.0,0.0,104.0,155.0,0.0,0.0,0,2023-10-26,6772
Corrida ao entardecer,4.0,1791,1791,0.0,corrida,2023-10-25 18:29:03+00:00,0,2,0,0,8.0388,0.0,153.8,179.0,526.6795289855072,506.58677536231886,0,2023-10-25,1791
Corrida da tarde,4.5712,1960,2023,44.8,corrida,2023-10-25 17:49:28+00:00,0,3,0,0,8.395199999999999,14.576400000000001,151.5,180.0,526.6795289855072,506.58677536231886,0,2023-10-25,2023
Treinamento com peso vespertino,0.0,9717,9717,0.0,treino com peso,2023-10-24 17:41:02+00:00,0,1,0,0,0.0,0.0,98.8,181.0,0.0,0.0,0,2023-10-24,9717
Corrida ao entardecer,7.0061,2932,2965,45.0,corrida,2023-10-23 18:16:43+00:00,0,5,0,0,8.604000000000001,25.11,154.4,172.0,526.6795289855072,506.58677536231886,0,2023-10-23,2965
Corrida Belgo ItaÃºna,4.9552,1768,1781,38.2,corrida,2023-10-22 08:05:21+00:00,8,4,0,0,10.0152,25.1892,167.9,183.0,526.6795289855072,506.58677536231886,5,2023-10-22,1781
Corrida ao entardecer,8.0,3906,3906,0.0,corrida,2023-10-20 18:12:10+00:00,0,0,0,0,7.372800000000001,0.0,149.5,175.0,526.6795289855072,506.58677536231886,0,2023-10-20,3906
Treinamento com peso vespertino,0.0,6171,6171,0.0,treino com peso,2023-10-19 17:55:27+00:00,0,0,0,0,0.0,0.0,101.9,147.0,0.0,0.0,0,2023-10-19,6171
Corrida ao entardecer,5.0,2320,2320,0.0,corrida,2023-10-18 18:13:33+00:00,0,1,0,0,7.757999999999999,0.0,155.2,181.0,526.6795289855072,506.58677536231886,0,2023-10-18,2320
Corrida da tarde,3.0178000000000003,1331,1372,53.0,corrida,2023-10-18 17:48:13+00:00,0,2,0,0,8.1612,12.0924,146.0,165.0,526.6795289855072,506.58677536231886,0,2023-10-18,1372
Treinamento com peso vespertino,0.0,6902,6902,0.0,treino com peso,2023-10-17 17:48:12+00:00,0,0,0,0,0.0,0.0,98.9,166.0,0.0,0.0,0,2023-10-17,6902
Corrida da tarde,13.1244,5278,5865,152.8,corrida,2023-10-16 17:46:31+00:00,2,4,0,0,8.9532,33.7176,158.5,173.0,526.6795289855072,506.58677536231886,1,2023-10-16,5865
Treinamento com peso matinal,0.0,7900,7900,0.0,treino com peso,2023-10-14 08:20:37+00:00,0,0,0,0,0.0,0.0,101.4,151.0,0.0,0.0,0,2023-10-14,7900
Corrida ao entardecer,8.3581,3466,3565,83.0,corrida,2023-10-13 18:09:21+00:00,0,2,0,0,8.6796,14.166,152.8,183.0,526.6795289855072,506.58677536231886,0,2023-10-13,3565
Treino de velocidade ğŸ’ªğŸ½ğŸ’ªğŸ½,6.0081999999999995,2655,2731,45.8,corrida,2023-10-11 17:45:07+00:00,0,3,0,0,8.1468,18.1908,150.5,178.0,526.6795289855072,506.58677536231886,0,2023-10-11,2731
Treinamento com peso ao entardecer,0.0,6966,6966,0.0,treino com peso,2023-10-10 18:04:15+00:00,0,0,0,0,0.0,0.0,103.2,182.0,0.0,0.0,0,2023-10-10,6966
Corrida ao entardecer,4.469600000000001,2123,2298,28.0,corrida,2023-10-09 18:09:10+00:00,0,1,0,0,7.578,9.792000000000002,132.2,157.0,526.6795289855072,506.58677536231886,0,2023-10-09,2298
Corrida dois sÃ³is para cada um ğŸ˜†â˜€ï¸â˜€ï¸â˜€ï¸,10.0933,3858,3863,107.5,corrida,2023-10-08 08:32:32+00:00,2,4,0,0,9.4068,13.59,170.2,187.0,526.6795289855072,506.58677536231886,1,2023-10-08,3863
Corrida ao entardecer,6.2141,2513,2599,64.3,corrida,2023-10-06 18:22:56+00:00,0,1,0,0,8.9028,13.3308,157.3,179.0,526.6795289855072,506.58677536231886,0,2023-10-06,2599
Treinamento com peso vespertino,0.0,5715,5715,0.0,treino com peso,2023-10-05 17:47:56+00:00,0,0,0,0,0.0,0.0,103.1,150.0,0.0,0.0,0,2023-10-05,5715
Corrida ao entardecer,3.2488,1600,1686,27.8,corrida,2023-10-04 18:12:12+00:00,0,3,0,0,7.308,16.470000000000002,137.1,167.0,526.6795289855072,506.58677536231886,0,2023-10-04,1686
Corrida da tarde,1.389,379,1247,3.5,corrida,2023-10-04 17:45:50+00:00,1,3,0,0,13.194,13.6332,140.3,165.0,526.6795289855072,506.58677536231886,0,2023-10-04,1247
Treinamento com peso vespertino,0.0,6078,6078,0.0,treino com peso,2023-10-03 17:46:09+00:00,0,2,0,0,0.0,0.0,105.8,162.0,0.0,0.0,0,2023-10-03,6078
Corrida ao entardecer,5.0165,2272,2297,29.7,corrida,2023-10-02 18:22:06+00:00,0,5,0,0,7.948800000000001,10.35,148.5,179.0,526.6795289855072,506.58677536231886,0,2023-10-02,2297
Treino de bom dia â˜€ï¸,12.023299999999999,5283,5528,110.2,corrida,2023-10-01 05:42:27+00:00,2,2,0,0,8.1936,14.8392,149.5,171.0,526.6795289855072,506.58677536231886,0,2023-10-01,5528
Treinamento com peso matinal,0.0,7512,7512,0.0,treino com peso,2023-09-30 08:29:46+00:00,0,1,0,0,0.0,0.0,96.8,142.0,0.0,0.0,0,2023-09-30,7512
Corrida ao entardecer,7.144,3175,3320,49.7,corrida,2023-09-29 18:18:06+00:00,0,2,0,0,8.1,16.2072,145.0,172.0,526.6795289855072,506.58677536231886,0,2023-09-29,3320
Treinamento com peso vespertino,0.0,5309,5309,0.0,treino com peso,2023-09-28 17:50:14+00:00,0,0,0,0,0.0,0.0,104.1,146.0,0.0,0.0,0,2023-09-28,5309
Corrida da tarde,7.0001999999999995,2984,3034,51.8,corrida,2023-09-27 17:44:32+00:00,0,4,0,0,8.4456,14.508000000000001,158.4,180.0,526.6795289855072,506.58677536231886,0,2023-09-27,3034
Treinamento com peso vespertino,0.0,5335,5335,0.0,treino com peso,2023-09-26 17:51:59+00:00,0,0,0,0,0.0,0.0,113.1,146.0,0.0,0.0,0,2023-09-26,5335
Corrida ao entardecer,5.8629,2540,2654,18.0,corrida,2023-09-25 18:16:03+00:00,0,3,0,0,8.3088,26.3376,142.6,173.0,526.6795289855072,506.58677536231886,0,2023-09-25,2654
Corrida matinal,5.975899999999999,2488,2530,30.9,corrida,2023-09-24 06:51:28+00:00,0,1,0,0,8.647200000000002,12.5424,158.8,174.0,526.6795289855072,506.58677536231886,0,2023-09-24,2530
Treinamento com peso matinal,0.0,5570,5570,0.0,treino com peso,2023-09-23 10:18:01+00:00,0,0,0,0,0.0,0.0,98.4,152.0,0.0,0.0,0,2023-09-23,5570
Corrida ao entardecer,10.0097,3747,3818,45.8,corrida,2023-09-22 18:33:03+00:00,8,4,0,0,9.615599999999999,14.904,163.7,179.0,526.6795289855072,506.58677536231886,4,2023-09-22,3818
Corrida ao entardecer,1.0354,490,509,30.3,corrida,2023-09-22 18:23:05+00:00,0,2,0,0,7.6068,11.5416,145.2,163.0,526.6795289855072,506.58677536231886,0,2023-09-22,509
Treinamento com peso vespertino,0.0,5823,5823,0.0,treino com peso,2023-09-21 17:47:06+00:00,0,0,0,0,0.0,0.0,116.4,159.0,0.0,0.0,0,2023-09-21,5823
Corrida da tarde,7.025600000000001,2991,3021,47.4,corrida,2023-09-20 17:39:02+00:00,0,1,0,0,8.4564,12.243599999999999,155.3,179.0,526.6795289855072,506.58677536231886,0,2023-09-20,3021
Treinamento com peso vespertino,0.0,4020,4020,0.0,treino com peso,2023-09-19 17:50:01+00:00,0,0,0,0,0.0,0.0,111.6,145.0,0.0,0.0,0,2023-09-19,4020
Corrida ao entardecer,0.8957999999999999,397,426,0.0,corrida,2023-09-18 19:03:33+00:00,0,2,0,0,8.125200000000001,11.3976,140.1,149.0,526.6795289855072,506.58677536231886,0,2023-09-18,426
Corrida ao entardecer,0.17859999999999998,58,63,5.2,corrida,2023-09-18 19:02:02+00:00,0,2,0,0,11.0844,13.899600000000001,117.1,140.0,526.6795289855072,506.58677536231886,0,2023-09-18,63
Corrida ao entardecer,0.17809999999999998,57,61,5.1,corrida,2023-09-18 18:59:11+00:00,0,2,0,0,11.25,12.481200000000001,135.7,141.0,526.6795289855072,506.58677536231886,0,2023-09-18,61
Corrida ao entardecer,0.18669999999999998,62,66,5.4,corrida,2023-09-18 18:55:28+00:00,0,2,0,0,10.8396,13.662,111.3,122.0,526.6795289855072,506.58677536231886,0,2023-09-18,66
Corrida ao entardecer,0.1832,60,65,5.3,corrida,2023-09-18 18:52:31+00:00,0,2,0,0,10.9908,12.2868,143.4,153.0,526.6795289855072,506.58677536231886,0,2023-09-18,65
Corrida ao entardecer,0.1785,61,66,5.1,corrida,2023-09-18 18:49:24+00:00,0,2,0,0,10.5372,12.582,143.1,148.0,526.6795289855072,506.58677536231886,0,2023-09-18,66
Corrida ao entardecer,0.1875,62,62,5.5,corrida,2023-09-18 18:46:16+00:00,0,2,0,0,10.89,13.5936,134.6,140.0,526.6795289855072,506.58677536231886,0,2023-09-18,62
Corrida ao entardecer,0.1866,58,64,5.5,corrida,2023-09-18 18:42:57+00:00,0,2,0,0,11.5812,12.5424,148.9,158.0,526.6795289855072,506.58677536231886,0,2023-09-18,64
Corrida ao entardecer,0.1956,66,66,5.7,corrida,2023-09-18 18:39:54+00:00,0,2,0,0,10.6668,14.8392,132.0,146.0,526.6795289855072,506.58677536231886,0,2023-09-18,66
Corrida ao entardecer,2.9194,1390,1394,25.7,corrida,2023-09-18 18:16:15+00:00,0,2,0,0,7.5600000000000005,12.1212,145.6,159.0,526.6795289855072,506.58677536231886,0,2023-09-18,1394
Morning Run,10.1108,3814,4178,79.8,corrida,2023-09-17 06:36:09+00:00,3,1,0,0,9.5436,34.902,168.1,181.0,526.6795289855072,506.58677536231886,1,2023-09-17,4178
Treinamento com peso matinal,0.0,11458,11458,0.0,treino com peso,2023-09-16 08:25:29+00:00,0,0,0,0,0.0,0.0,96.3,145.0,0.0,0.0,0,2023-09-16,11458
Treinamento com peso vespertino,0.0,4134,4134,0.0,treino com peso,2023-09-14 17:46:36+00:00,0,0,0,0,0.0,0.0,103.1,135.0,0.0,0.0,0,2023-09-14,4134
Corrida ao entardecer,0.1986,65,68,5.6,corrida,2023-09-13 18:41:44+00:00,0,0,0,0,10.998000000000001,14.0472,140.1,144.0,526.6795289855072,506.58677536231886,0,2023-09-13,68
Corrida ao entardecer,0.1983,64,68,5.5,corrida,2023-09-13 18:38:12+00:00,0,0,0,0,11.156400000000001,13.496400000000001,158.7,170.0,526.6795289855072,506.58677536231886,0,2023-09-13,68
Corrida ao entardecer,0.1992,63,67,5.4,corrida,2023-09-13 18:34:54+00:00,0,0,0,0,11.3796,12.6864,128.7,140.0,526.6795289855072,506.58677536231886,0,2023-09-13,67
Corrida ao entardecer,0.1987,64,68,5.5,corrida,2023-09-13 18:31:29+00:00,0,0,0,0,11.178,13.5144,151.8,158.0,526.6795289855072,506.58677536231886,0,2023-09-13,68
Corrida ao entardecer,0.19569999999999999,63,67,5.4,corrida,2023-09-13 18:28:17+00:00,0,0,0,0,11.1816,13.5468,152.6,166.0,526.6795289855072,506.58677536231886,0,2023-09-13,67
Corrida ao entardecer,0.193,63,68,5.2,corrida,2023-09-13 18:24:59+00:00,0,0,0,0,11.026800000000001,15.0984,156.8,168.0,526.6795289855072,506.58677536231886,0,2023-09-13,68
Corrida ao entardecer,0.1995,65,68,5.5,corrida,2023-09-13 18:21:38+00:00,0,0,0,0,11.0484,13.4784,151.5,169.0,526.6795289855072,506.58677536231886,0,2023-09-13,68
Corrida ao entardecer,0.2003,66,66,5.5,corrida,2023-09-13 18:18:23+00:00,0,0,0,0,10.9224,14.576400000000001,132.9,145.0,526.6795289855072,506.58677536231886,0,2023-09-13,66
Corrida ao entardecer,0.2032,60,65,5.7,corrida,2023-09-13 18:15:08+00:00,0,0,0,0,12.193200000000001,14.958000000000002,148.2,165.0,526.6795289855072,506.58677536231886,0,2023-09-13,65
Corrida ao entardecer,0.2039,61,61,5.6,corrida,2023-09-13 18:11:55+00:00,0,0,0,0,12.0312,15.732000000000001,123.2,129.0,526.6795289855072,506.58677536231886,0,2023-09-13,61
Corrida da tarde,3.4036,1429,1464,14.0,corrida,2023-09-13 17:40:36+00:00,0,1,0,0,8.5752,12.1356,149.6,168.0,526.6795289855072,506.58677536231886,0,2023-09-13,1464
Treinamento com peso vespertino,0.0,5211,5211,0.0,treino com peso,2023-09-12 17:52:07+00:00,0,0,0,0,0.0,0.0,109.3,145.0,0.0,0.0,0,2023-09-12,5211
Corrida ao entardecer,0.7273999999999999,272,276,11.8,corrida,2023-09-11 18:53:45+00:00,0,1,0,0,9.6264,13.032,162.5,174.0,526.6795289855072,506.58677536231886,0,2023-09-11,276
Corrida ao entardecer,5.347,2105,2109,19.6,corrida,2023-09-11 18:17:20+00:00,3,1,0,0,9.144,13.784400000000002,161.3,174.0,526.6795289855072,506.58677536231886,0,2023-09-11,2109
Treinamento com peso matinal,0.0,7879,7879,0.0,treino com peso,2023-09-09 08:29:29+00:00,0,1,0,0,0.0,0.0,90.3,151.0,0.0,0.0,0,2023-09-09,7879
Corrida da tarde,7.0377,2670,2803,61.9,corrida,2023-09-06 17:49:49+00:00,3,0,0,0,9.489600000000001,12.625200000000001,165.2,178.0,526.6795289855072,506.58677536231886,1,2023-09-06,2803
Treinamento com peso vespertino,0.0,6673,6673,0.0,treino com peso,2023-09-05 17:53:02+00:00,0,0,0,0,0.0,0.0,110.2,157.0,0.0,0.0,0,2023-09-05,6673
Corrida ao entardecer,5.0118,2165,2194,29.2,corrida,2023-09-04 18:10:41+00:00,0,2,0,0,8.334,12.7476,148.6,168.0,526.6795289855072,506.58677536231886,0,2023-09-04,2194
7â€¢ Mais SaÃºde PanelÃ£o,4.7635,1659,1677,16.1,corrida,2023-09-03 09:01:14+00:00,5,4,0,0,10.3356,15.955200000000001,166.7,187.0,526.6795289855072,506.58677536231886,3,2023-09-03,1677
Corrida ao entardecer,9.8321,4356,4513,46.1,corrida,2023-09-01 18:24:00+00:00,0,1,0,0,8.125200000000001,12.1608,143.2,162.0,526.6795289855072,506.58677536231886,0,2023-09-01,4513
Treinamento com peso ao entardecer,0.0,4384,4384,0.0,treino com peso,2023-08-31 18:02:40+00:00,0,1,0,0,0.0,0.0,100.1,139.0,0.0,0.0,0,2023-08-31,4384
Corrida da tarde,5.78,2384,2384,0.0,corrida,2023-08-30 17:45:20+00:00,0,1,0,0,8.7264,0.0,127.5,181.0,526.6795289855072,506.58677536231886,0,2023-08-30,2384
1â€¢ Corrida AABB,5.0565,1749,1754,28.9,corrida,2023-08-27 07:30:52+00:00,7,2,0,0,10.3788,15.152399999999998,131.7,184.0,526.6795289855072,506.58677536231886,1,2023-08-27,1754
Corrida ao entardecer,4.9965,1970,1988,27.9,corrida,2023-08-25 18:23:16+00:00,0,1,0,0,9.1296,12.934800000000001,165.0,188.0,526.6795289855072,506.58677536231886,0,2023-08-25,1988
Treinamento com peso vespertino,0.0,5565,5565,0.0,treino com peso,2023-08-24 17:56:09+00:00,0,1,0,0,0.0,0.0,121.6,162.0,0.0,0.0,0,2023-08-24,5565
Corrida da tarde,5.0484,1889,2001,29.2,corrida,2023-08-23 17:52:50+00:00,0,1,0,0,9.6228,13.6728,147.0,178.0,526.6795289855072,506.58677536231886,0,2023-08-23,2001
Caminhada vespertina,1.0086,482,482,12.7,caminhada,2023-08-23 17:44:15+00:00,0,1,0,0,7.5312,10.062,161.8,176.0,824.9,811.4,0,2023-08-23,482
Treinamento com peso vespertino,0.0,5689,5689,0.0,treino com peso,2023-08-22 17:46:45+00:00,0,1,0,0,0.0,0.0,108.7,146.0,0.0,0.0,0,2023-08-22,5689
Corrida matinal,5.0433,1716,1727,27.9,corrida,2023-08-20 07:44:42+00:00,5,3,0,0,10.580400000000001,14.741999999999999,151.8,184.0,526.6795289855072,506.58677536231886,4,2023-08-20,1727
Corrida ao entardecer,3.7691,1805,1822,20.9,corrida,2023-08-18 18:19:41+00:00,0,1,0,0,7.516800000000001,10.746,123.1,153.0,526.6795289855072,506.58677536231886,0,2023-08-18,1822
Treinamento com peso vespertino,0.0,5926,5926,0.0,treino com peso,2023-08-17 17:49:20+00:00,0,1,0,0,0.0,0.0,109.0,157.0,0.0,0.0,0,2023-08-17,5926
Corrida da tarde,6.04,2341,2457,41.7,corrida,2023-08-16 17:45:05+00:00,2,2,0,0,9.288,13.8564,162.4,185.0,526.6795289855072,506.58677536231886,0,2023-08-16,2457
Treinamento com peso vespertino,0.0,5688,5688,0.0,treino com peso,2023-08-15 17:42:14+00:00,0,1,0,0,0.0,0.0,104.5,152.0,0.0,0.0,0,2023-08-15,5688
Corrida ao entardecer,5.018,1855,1907,25.9,corrida,2023-08-14 18:25:09+00:00,0,1,0,0,9.738000000000001,22.791600000000003,166.1,177.0,526.6795289855072,506.58677536231886,0,2023-08-14,1907
Corrida ao entardecer,1.0183,454,454,12.6,corrida,2023-08-14 18:16:58+00:00,0,1,0,0,8.0748,10.0008,114.2,141.0,526.6795289855072,506.58677536231886,0,2023-08-14,454
Treinamento com peso matinal,0.0,5779,5779,0.0,treino com peso,2023-08-12 09:28:19+00:00,0,0,0,0,0.0,0.0,97.6,142.0,0.0,0.0,0,2023-08-12,5779
Corrida ao entardecer,15.0692,6375,6732,135.2,corrida,2023-08-11 18:21:05+00:00,4,3,0,0,8.5104,26.478,157.6,177.0,526.6795289855072,506.58677536231886,3,2023-08-11,6732
Treinamento com peso vespertino,0.0,6607,6607,0.0,treino com peso,2023-08-10 17:46:56+00:00,0,0,0,0,0.0,0.0,116.8,162.0,0.0,0.0,0,2023-08-10,6607
Treino 36/41 ğŸ’ªğŸ½,8.0817,3185,3354,63.6,corrida,2023-08-09 17:45:25+00:00,1,2,0,0,9.1332,14.4792,164.9,184.0,526.6795289855072,506.58677536231886,0,2023-08-09,3354
Treinamento com peso vespertino,0.0,6897,6897,0.0,treino com peso,2023-08-08 17:47:02+00:00,0,1,0,0,0.0,0.0,109.9,152.0,0.0,0.0,0,2023-08-08,6897
Corrida ao entardecer,5.0133,2316,2328,39.5,corrida,2023-08-07 18:20:09+00:00,0,0,0,0,7.7940000000000005,10.580400000000001,142.9,155.0,526.6795289855072,506.58677536231886,0,2023-08-07,2328
2â€¢ Corrida da SaÃºde ItaÃºna ,6.165100000000001,2298,2311,40.6,corrida,2023-08-06 08:38:04+00:00,3,6,0,0,9.604800000000001,13.5612,114.7,183.0,526.6795289855072,506.58677536231886,1,2023-08-06,2311
Treinamento com peso matinal,0.0,8328,8328,0.0,treino com peso,2023-08-05 08:15:10+00:00,0,1,0,0,0.0,0.0,87.0,127.0,0.0,0.0,0,2023-08-05,8328
Treino matinal,0.0,1923,1923,0.0,treino livre,2023-08-05 07:09:01+00:00,0,1,0,0,0.0,0.0,144.5,190.0,0.0,0.0,0,2023-08-05,1923
Corrida ao entardecer,7.0036000000000005,2808,2848,50.7,corrida,2023-08-04 18:20:59+00:00,1,1,0,0,8.9784,15.105599999999999,160.4,181.0,526.6795289855072,506.58677536231886,0,2023-08-04,2848
Treinamento com peso vespertino,0.0,6844,6844,0.0,treino com peso,2023-08-03 17:57:57+00:00,0,1,0,0,0.0,0.0,109.7,158.0,0.0,0.0,0,2023-08-03,6844
Corrida ao entardecer,0.8019,279,284,2.4,corrida,2023-08-02 18:38:48+00:00,0,0,0,0,10.346400000000001,12.5532,160.0,179.0,526.6795289855072,506.58677536231886,0,2023-08-02,284
Corrida ao entardecer,0.7855,261,265,2.1,corrida,2023-08-02 18:32:11+00:00,0,0,0,0,10.836,13.3452,159.2,182.0,526.6795289855072,506.58677536231886,0,2023-08-02,265
Corrida ao entardecer,0.5559,188,193,2.2,corrida,2023-08-02 18:26:43+00:00,0,0,0,0,10.645199999999999,13.0176,164.2,174.0,526.6795289855072,506.58677536231886,0,2023-08-02,193
Corrida ao entardecer,0.2352,78,81,0.0,corrida,2023-08-02 18:24:52+00:00,0,0,0,0,10.854000000000001,14.9148,148.1,168.0,526.6795289855072,506.58677536231886,0,2023-08-02,81
Corrida ao entardecer,0.7874,259,262,2.1,corrida,2023-08-02 18:18:56+00:00,0,0,0,0,10.944,12.7332,123.2,138.0,526.6795289855072,506.58677536231886,0,2023-08-02,262
Corrida ao entardecer,0.816,281,292,2.3,corrida,2023-08-02 18:11:09+00:00,0,0,0,0,10.4544,12.4452,152.0,166.0,526.6795289855072,506.58677536231886,0,2023-08-02,292
Corrida ao entardecer,0.7842,259,263,2.1,corrida,2023-08-02 18:05:14+00:00,0,0,0,0,10.9008,14.184,139.1,161.0,526.6795289855072,506.58677536231886,0,2023-08-02,263
Corrida da tarde,0.7851,259,262,2.3,corrida,2023-08-02 17:58:40+00:00,1,0,0,0,10.9116,13.9176,124.7,138.0,526.6795289855072,506.58677536231886,1,2023-08-02,262
Corrida da tarde,0.8001,248,257,2.1,corrida,2023-08-02 17:52:11+00:00,0,0,0,0,11.6136,15.2316,133.2,148.0,526.6795289855072,506.58677536231886,0,2023-08-02,257
Corrida da tarde,0.9991,441,467,19.8,corrida,2023-08-02 17:41:32+00:00,0,0,0,0,8.154,15.296399999999998,143.9,158.0,526.6795289855072,506.58677536231886,0,2023-08-02,467
Treinamento com peso vespertino,0.0,5876,5876,0.0,treino com peso,2023-08-01 17:42:06+00:00,0,0,0,0,0.0,0.0,105.7,159.0,0.0,0.0,0,2023-08-01,5876
Corrida ao entardecer,0.2636,77,82,0.0,corrida,2023-07-31 18:58:51+00:00,0,0,0,0,12.3228,15.659999999999998,154.2,171.0,526.6795289855072,506.58677536231886,0,2023-07-31,82
Corrida ao entardecer,0.2635,85,90,0.0,corrida,2023-07-31 18:56:29+00:00,0,0,0,0,11.16,14.785200000000001,153.4,155.0,526.6795289855072,506.58677536231886,0,2023-07-31,90
Corrida ao entardecer,0.2785,86,86,0.0,corrida,2023-07-31 18:54:14+00:00,0,0,0,0,11.6568,14.0616,155.4,173.0,526.6795289855072,506.58677536231886,0,2023-07-31,86
Corrida ao entardecer,0.2728,91,91,0.0,corrida,2023-07-31 18:51:30+00:00,0,0,0,0,10.792800000000002,13.7628,149.7,161.0,526.6795289855072,506.58677536231886,0,2023-07-31,91
Corrida ao entardecer,0.2696,82,86,0.0,corrida,2023-07-31 18:48:59+00:00,0,0,0,0,11.8368,15.1668,146.7,153.0,526.6795289855072,506.58677536231886,0,2023-07-31,86
Corrida ao entardecer,0.2732,89,89,0.0,corrida,2023-07-31 18:46:36+00:00,0,0,0,0,11.052,13.4388,151.2,166.0,526.6795289855072,506.58677536231886,0,2023-07-31,89
Corrida ao entardecer,0.26439999999999997,76,80,0.0,corrida,2023-07-31 18:44:10+00:00,0,0,0,0,12.5244,17.4636,144.1,153.0,526.6795289855072,506.58677536231886,0,2023-07-31,80
Corrida ao entardecer,0.2432,57,89,0.0,corrida,2023-07-31 18:41:48+00:00,0,0,0,0,15.361200000000002,42.4656,155.6,172.0,526.6795289855072,506.58677536231886,0,2023-07-31,89
Corrida ao entardecer,0.2692,78,82,0.0,corrida,2023-07-31 18:39:38+00:00,0,0,0,0,12.427200000000001,16.718400000000003,123.6,131.0,526.6795289855072,506.58677536231886,0,2023-07-31,82
Corrida ao entardecer,0.26130000000000003,81,86,0.0,corrida,2023-07-31 18:37:00+00:00,0,0,0,0,11.6136,16.8048,142.3,149.0,526.6795289855072,506.58677536231886,0,2023-07-31,86
Corrida ao entardecer,0.2759,79,79,0.0,corrida,2023-07-31 18:34:42+00:00,0,0,0,0,12.571200000000001,25.1676,118.2,128.0,526.6795289855072,506.58677536231886,0,2023-07-31,79
Corrida ao entardecer,0.25639999999999996,73,78,0.0,corrida,2023-07-31 18:32:18+00:00,0,0,0,0,12.6432,18.108,129.3,136.0,526.6795289855072,506.58677536231886,0,2023-07-31,78
Corrida ao entardecer,0.2672,72,75,0.0,corrida,2023-07-31 18:29:42+00:00,0,0,0,0,13.356,16.7256,122.8,127.0,526.6795289855072,506.58677536231886,0,2023-07-31,75
Corrida ao entardecer,0.26380000000000003,71,75,0.0,corrida,2023-07-31 18:27:13+00:00,0,0,0,0,13.377600000000001,16.9668,116.3,133.0,526.6795289855072,506.58677536231886,0,2023-07-31,75
Corrida ao entardecer,0.2661,70,74,0.0,corrida,2023-07-31 18:24:49+00:00,0,0,0,0,13.6836,18.1116,117.7,130.0,526.6795289855072,506.58677536231886,0,2023-07-31,74
Corrida ao entardecer,0.966,407,412,2.1,corrida,2023-07-31 18:17:11+00:00,0,0,0,0,8.542800000000002,14.450400000000002,117.2,125.0,526.6795289855072,506.58677536231886,0,2023-07-31,412
Treinamento com peso matinal,0.0,7293,7293,0.0,treino com peso,2023-07-29 09:17:30+00:00,0,0,0,0,0.0,0.0,106.1,175.0,0.0,0.0,0,2023-07-29,7293
Corrida da tarde,10.0605,4339,4460,92.2,corrida,2023-07-28 17:53:33+00:00,0,1,0,0,8.3484,12.096,150.4,168.0,526.6795289855072,506.58677536231886,0,2023-07-28,4460
Corrida da tarde,1.0191000000000001,438,442,4.5,corrida,2023-07-28 17:45:50+00:00,0,1,0,0,8.3772,10.465200000000001,136.2,162.0,526.6795289855072,506.58677536231886,0,2023-07-28,442
Treinamento com peso vespertino,0.0,7344,7344,0.0,treino com peso,2023-07-27 17:47:29+00:00,0,0,0,0,0.0,0.0,108.5,164.0,0.0,0.0,0,2023-07-27,7344
Corrida da tarde,9.020700000000001,3516,3675,58.0,corrida,2023-07-26 17:44:31+00:00,0,3,0,0,9.2376,25.3044,159.0,172.0,526.6795289855072,506.58677536231886,0,2023-07-26,3675
Treinamento com peso vespertino,0.0,4205,4205,0.0,treino com peso,2023-07-25 17:49:50+00:00,0,0,0,0,0.0,0.0,101.4,140.0,0.0,0.0,0,2023-07-25,4205
Corrida ao entardecer,6.0142,2349,2381,40.7,corrida,2023-07-24 18:15:45+00:00,2,1,0,0,9.216000000000001,15.8076,158.4,176.0,526.6795289855072,506.58677536231886,1,2023-07-24,2381
Treinamento com peso matinal,0.0,6801,6801,0.0,treino com peso,2023-07-22 09:05:32+00:00,0,1,0,0,0.0,0.0,103.9,160.0,0.0,0.0,0,2023-07-22,6801
Corrida ao entardecer,0.9933,327,330,0.0,corrida,2023-07-21 19:08:24+00:00,0,2,0,0,10.9368,14.493599999999999,141.8,169.0,526.6795289855072,506.58677536231886,0,2023-07-21,330
Corrida ao entardecer,1.0044,352,356,3.5,corrida,2023-07-21 18:59:33+00:00,1,2,0,0,10.270800000000001,13.895999999999999,130.2,139.0,526.6795289855072,506.58677536231886,0,2023-07-21,356
Corrida ao entardecer,0.9967999999999999,331,336,0.0,corrida,2023-07-21 18:51:58+00:00,0,2,0,0,10.8432,13.2804,161.2,179.0,526.6795289855072,506.58677536231886,0,2023-07-21,336
Corrida ao entardecer,1.0025,354,357,3.5,corrida,2023-07-21 18:43:11+00:00,1,2,0,0,10.1952,13.212,157.0,174.0,526.6795289855072,506.58677536231886,0,2023-07-21,357
Corrida ao entardecer,1.0147,327,336,0.0,corrida,2023-07-21 18:35:43+00:00,3,2,0,0,11.170800000000002,14.0652,122.2,131.0,526.6795289855072,506.58677536231886,1,2023-07-21,336
Treinamento com peso vespertino,0.0,3956,3956,0.0,treino com peso,2023-07-20 17:45:15+00:00,0,0,0,0,0.0,0.0,98.6,153.0,0.0,0.0,0,2023-07-20,3956
Corrida da tarde,10.1721,3639,4493,65.7,corrida,2023-07-19 17:46:05+00:00,2,3,0,0,10.062,46.184400000000004,160.3,173.0,526.6795289855072,506.58677536231886,1,2023-07-19,4493
Treinamento com peso vespertino,0.0,4358,4358,0.0,treino com peso,2023-07-18 17:50:08+00:00,0,0,0,0,0.0,0.0,102.4,150.0,0.0,0.0,0,2023-07-18,4358
Corrida ao entardecer,3.0561,1449,1486,85.6,corrida,2023-07-17 18:46:52+00:00,0,0,0,0,7.5924000000000005,11.0808,122.6,168.0,526.6795289855072,506.58677536231886,0,2023-07-17,1486
Treino regenerativo,2.9516999999999998,1361,1385,28.3,corrida,2023-07-17 18:20:39+00:00,0,0,0,0,7.808400000000001,12.33,132.6,162.0,526.6795289855072,506.58677536231886,0,2023-07-17,1385
Corrida da tarde,7.3328999999999995,2904,3026,51.6,corrida,2023-07-14 17:57:40+00:00,2,1,0,0,9.09,15.184800000000001,160.0,174.0,526.6795289855072,506.58677536231886,1,2023-07-14,3026
Corrida da tarde,1.0092,502,502,30.9,corrida,2023-07-14 17:48:51+00:00,0,0,0,0,7.236,9.0468,160.6,182.0,526.6795289855072,506.58677536231886,0,2023-07-14,502
Treinamento com peso vespertino,0.0,5354,5354,0.0,treino com peso,2023-07-13 17:50:48+00:00,0,0,0,0,0.0,0.0,114.6,161.0,0.0,0.0,0,2023-07-13,5354
Corrida da tarde,7.0276000000000005,2635,2710,27.2,corrida,2023-07-12 17:49:37+00:00,1,3,0,0,9.6012,12.6504,168.4,179.0,526.6795289855072,506.58677536231886,1,2023-07-12,2710
Treinamento com peso vespertino,0.0,5395,5395,0.0,treino com peso,2023-07-11 17:46:44+00:00,0,1,0,0,0.0,0.0,113.2,157.0,0.0,0.0,0,2023-07-11,5395
Corrida ao entardecer,5.001600000000001,1869,1900,27.5,corrida,2023-07-10 18:23:24+00:00,0,3,0,0,9.633600000000001,13.6476,151.1,184.0,526.6795289855072,506.58677536231886,0,2023-07-10,1900
Corrida ao entardecer,1.0119,450,453,13.1,corrida,2023-07-10 18:15:20+00:00,0,3,0,0,8.096400000000001,11.574,137.3,157.0,526.6795289855072,506.58677536231886,0,2023-07-10,453
Treinamento com peso matinal,0.0,8012,8012,0.0,treino com peso,2023-07-08 09:05:53+00:00,0,0,0,0,0.0,0.0,101.9,157.0,0.0,0.0,0,2023-07-08,8012
Corrida ao entardecer,0.1938,55,55,5.5,corrida,2023-07-07 18:31:51+00:00,0,1,0,0,12.6864,16.488,143.6,156.0,526.6795289855072,506.58677536231886,0,2023-07-07,55
Corrida ao entardecer,0.1805,57,61,5.3,corrida,2023-07-07 18:28:52+00:00,0,1,0,0,11.4012,12.8376,122.7,127.0,526.6795289855072,506.58677536231886,0,2023-07-07,61
Corrida ao entardecer,0.18030000000000002,58,62,5.4,corrida,2023-07-07 18:25:44+00:00,0,1,0,0,11.192400000000001,13.208400000000001,130.9,137.0,526.6795289855072,506.58677536231886,0,2023-07-07,62
Corrida ao entardecer,0.187,61,65,5.7,corrida,2023-07-07 18:22:46+00:00,0,0,0,0,11.0376,13.860000000000001,113.8,126.0,526.6795289855072,506.58677536231886,0,2023-07-07,65
Corrida ao entardecer,0.1948,63,63,5.9,corrida,2023-07-07 18:19:56+00:00,0,0,0,0,11.127600000000001,12.762,140.2,148.0,526.6795289855072,506.58677536231886,0,2023-07-07,63
Corrida ao entardecer,0.1931,63,63,5.4,corrida,2023-07-07 18:17:05+00:00,0,0,0,0,11.034,13.064400000000001,149.4,160.0,526.6795289855072,506.58677536231886,0,2023-07-07,63
Corrida ao entardecer,0.1996,62,62,6.2,corrida,2023-07-07 18:14:16+00:00,0,0,0,0,11.592,16.729200000000002,106.9,118.0,526.6795289855072,506.58677536231886,0,2023-07-07,62
Corrida ao entardecer,0.1975,61,61,6.0,corrida,2023-07-07 18:11:22+00:00,0,0,0,0,11.6568,15.318,128.6,134.0,526.6795289855072,506.58677536231886,0,2023-07-07,61
Corrida ao entardecer,0.19219999999999998,60,60,5.8,corrida,2023-07-07 18:08:25+00:00,0,0,0,0,11.5308,14.076,117.5,123.0,526.6795289855072,506.58677536231886,0,2023-07-07,60
Corrida ao entardecer,0.18419999999999997,59,59,5.5,corrida,2023-07-07 18:04:50+00:00,0,0,0,0,11.2428,13.7376,115.8,122.0,526.6795289855072,506.58677536231886,0,2023-07-07,59
Corrida da tarde,3.0761,1255,1280,31.2,corrida,2023-07-07 17:41:31+00:00,1,0,0,0,8.8236,14.688,149.1,189.0,526.6795289855072,506.58677536231886,0,2023-07-07,1280
Treinamento com peso vespertino,0.0,6703,6703,0.0,treino com peso,2023-07-06 17:52:04+00:00,0,1,0,0,0.0,0.0,108.5,162.0,0.0,0.0,0,2023-07-06,6703
Corrida da tarde,8.0374,3237,3293,61.6,corrida,2023-07-05 17:37:22+00:00,0,2,0,0,8.9388,13.446,159.8,177.0,526.6795289855072,506.58677536231886,0,2023-07-05,3293
Treinamento com peso vespertino,0.0,5298,5298,0.0,treino com peso,2023-07-04 17:44:02+00:00,0,0,0,0,0.0,0.0,101.0,147.0,0.0,0.0,0,2023-07-04,5298
Corrida ao entardecer,0.7895,279,279,2.2,corrida,2023-07-03 18:58:13+00:00,0,1,0,0,10.188,12.8088,131.3,178.0,526.6795289855072,506.58677536231886,0,2023-07-03,279
Corrida ao entardecer,0.7815,266,270,0.0,corrida,2023-07-03 18:50:46+00:00,0,1,0,0,10.5768,12.6864,160.8,174.0,526.6795289855072,506.58677536231886,0,2023-07-03,270
Corrida ao entardecer,0.7719,259,264,2.1,corrida,2023-07-03 18:44:17+00:00,0,0,0,0,10.728,12.387599999999999,123.8,136.0,526.6795289855072,506.58677536231886,0,2023-07-03,264
Corrida ao entardecer,0.784,256,260,0.0,corrida,2023-07-03 18:37:19+00:00,1,0,0,0,11.026800000000001,15.1272,132.2,144.0,526.6795289855072,506.58677536231886,1,2023-07-03,260
Corrida ao entardecer,0.782,246,250,2.1,corrida,2023-07-03 18:31:07+00:00,0,0,0,0,11.4444,15.001199999999999,132.3,148.0,526.6795289855072,506.58677536231886,0,2023-07-03,250
Corrida ao entardecer,0.7778999999999999,258,262,0.0,corrida,2023-07-03 18:24:32+00:00,1,0,0,0,10.854000000000001,13.7196,107.2,121.0,526.6795289855072,506.58677536231886,0,2023-07-03,262
Corrida ao entardecer,1.0126,454,463,2.2,corrida,2023-07-03 18:15:17+00:00,0,0,0,0,8.028,9.8712,168.9,180.0,526.6795289855072,506.58677536231886,0,2023-07-03,463
Treinamento com peso matinal,0.0,6191,6191,0.0,treino com peso,2023-07-01 08:29:04+00:00,0,0,0,0,0.0,0.0,111.2,163.0,0.0,0.0,0,2023-07-01,6191
Corrida da tarde,7.5025,3511,3611,123.4,corrida,2023-06-30 17:52:47+00:00,2,2,0,0,7.6932,14.5332,148.9,168.0,526.6795289855072,506.58677536231886,0,2023-06-30,3611
Corrida da tarde,1.0215,334,509,42.2,corrida,2023-06-30 17:43:57+00:00,1,1,0,0,11.008799999999999,40.1544,120.7,151.0,526.6795289855072,506.58677536231886,1,2023-06-30,509
Treinamento com peso vespertino,0.0,5300,5300,0.0,treino com peso,2023-06-29 17:51:42+00:00,0,0,0,0,0.0,0.0,113.1,156.0,0.0,0.0,0,2023-06-29,5300
Corrida da tarde,6.0164,2281,2316,17.4,corrida,2023-06-28 17:50:01+00:00,0,4,0,0,9.4968,14.662800000000002,164.1,175.0,526.6795289855072,506.58677536231886,0,2023-06-28,2316
Corrida da tarde,0.9851,528,540,28.2,corrida,2023-06-28 17:40:25+00:00,0,1,0,0,6.717600000000001,8.7948,98.0,109.0,526.6795289855072,506.58677536231886,0,2023-06-28,540
Treinamento com peso vespertino,0.0,5866,5866,0.0,treino com peso,2023-06-27 17:46:16+00:00,0,0,0,0,0.0,0.0,118.5,185.0,0.0,0.0,0,2023-06-27,5866
Corrida ao entardecer,5.011100000000001,1810,1816,27.6,corrida,2023-06-26 18:29:29+00:00,4,1,0,0,9.9684,14.5404,167.9,177.0,526.6795289855072,506.58677536231886,3,2023-06-26,1816
Treinamento com peso matinal,0.0,5910,5910,0.0,treino com peso,2023-06-24 08:12:34+00:00,0,0,0,0,0.0,0.0,103.7,155.0,0.0,0.0,0,2023-06-24,5910
Corrida ao entardecer,0.2854,90,94,0.0,corrida,2023-06-23 18:57:11+00:00,0,3,0,0,11.4156,14.256,112.4,125.0,526.6795289855072,506.58677536231886,0,2023-06-23,94
Corrida ao entardecer,0.293,83,83,0.0,corrida,2023-06-23 18:54:47+00:00,0,2,0,0,12.708,16.362000000000002,133.9,138.0,526.6795289855072,506.58677536231886,0,2023-06-23,83
Corrida ao entardecer,0.29610000000000003,85,85,0.0,corrida,2023-06-23 18:49:01+00:00,0,2,0,0,12.5424,16.1676,108.7,120.0,526.6795289855072,506.58677536231886,0,2023-06-23,85
Corrida ao entardecer,0.2904,86,86,0.0,corrida,2023-06-23 18:46:03+00:00,0,1,0,0,12.153599999999999,14.8716,115.0,127.0,526.6795289855072,506.58677536231886,0,2023-06-23,86
Corrida ao entardecer,0.2979,88,88,0.0,corrida,2023-06-23 18:43:26+00:00,0,3,0,0,12.186,15.4512,128.2,136.0,526.6795289855072,506.58677536231886,0,2023-06-23,88
Corrida ao entardecer,0.2827,83,88,0.0,corrida,2023-06-23 18:40:28+00:00,0,2,0,0,12.258,15.318,108.6,123.0,526.6795289855072,506.58677536231886,0,2023-06-23,88
Corrida ao entardecer,0.2924,85,88,0.0,corrida,2023-06-23 18:37:57+00:00,0,2,0,0,12.384,16.3404,137.9,147.0,526.6795289855072,506.58677536231886,0,2023-06-23,88
Corrida ao entardecer,0.2927,84,84,0.0,corrida,2023-06-23 18:35:10+00:00,0,2,0,0,12.5424,17.7876,110.8,120.0,526.6795289855072,506.58677536231886,0,2023-06-23,84
Corrida ao entardecer,0.2945,81,81,0.0,corrida,2023-06-23 18:32:11+00:00,0,2,0,0,13.0896,17.442,112.9,121.0,526.6795289855072,506.58677536231886,0,2023-06-23,81
Corrida ao entardecer,1.7655,708,720,7.6,corrida,2023-06-23 18:19:32+00:00,0,3,0,0,8.9784,12.0492,161.3,178.0,526.6795289855072,506.58677536231886,0,2023-06-23,720
Treinamento com peso vespertino,0.0,5518,5518,0.0,treino com peso,2023-06-22 17:43:17+00:00,0,0,0,0,0.0,0.0,112.7,161.0,0.0,0.0,0,2023-06-22,5518
Corrida da tarde,7.0975,2849,2915,56.3,corrida,2023-06-21 17:35:41+00:00,1,1,0,0,8.967600000000001,12.762,159.0,176.0,526.6795289855072,506.58677536231886,0,2023-06-21,2915
Treinamento com peso vespertino,0.0,5969,5969,0.0,treino com peso,2023-06-20 17:47:32+00:00,0,1,0,0,0.0,0.0,117.6,167.0,0.0,0.0,0,2023-06-20,5969
Corrida ao entardecer,5.0011,1865,2028,27.6,corrida,2023-06-19 18:21:25+00:00,2,0,0,0,9.6552,15.591600000000001,170.2,183.0,526.6795289855072,506.58677536231886,0,2023-06-19,2028
Treinamento com peso matinal,0.0,5652,5652,0.0,treino com peso,2023-06-17 08:49:52+00:00,0,0,0,0,0.0,0.0,113.0,184.0,0.0,0.0,0,2023-06-17,5652
Corrida ao entardecer,10.0428,4152,4235,91.0,corrida,2023-06-16 18:21:25+00:00,2,0,0,0,8.708400000000001,13.860000000000001,161.7,179.0,526.6795289855072,506.58677536231886,0,2023-06-16,4235
Treinamento com peso vespertino,0.0,5721,5721,0.0,treino com peso,2023-06-15 17:47:48+00:00,0,0,0,0,0.0,0.0,117.2,166.0,0.0,0.0,0,2023-06-15,5721
Corrida ao entardecer,0.783,263,268,0.0,corrida,2023-06-14 18:23:14+00:00,0,1,0,0,10.7172,14.76,162.2,177.0,526.6795289855072,506.58677536231886,0,2023-06-14,268
Corrida ao entardecer,0.7915,275,279,2.2,corrida,2023-06-14 18:15:51+00:00,0,1,0,0,10.360800000000001,16.0776,165.7,178.0,526.6795289855072,506.58677536231886,0,2023-06-14,279
Corrida ao entardecer,0.7836000000000001,257,267,2.1,corrida,2023-06-14 18:08:55+00:00,0,1,0,0,10.9764,13.302,124.8,136.0,526.6795289855072,506.58677536231886,0,2023-06-14,267
Corrida ao entardecer,0.8132,277,277,2.2,corrida,2023-06-14 18:01:56+00:00,0,1,0,0,10.5696,13.406400000000001,167.1,176.0,526.6795289855072,506.58677536231886,0,2023-06-14,277
Corrida da tarde,0.7934,254,254,2.1,corrida,2023-06-14 17:53:50+00:00,0,1,0,0,11.246400000000001,16.8912,106.7,127.0,526.6795289855072,506.58677536231886,0,2023-06-14,254
Corrida da tarde,1.9915999999999998,925,942,45.6,corrida,2023-06-14 17:36:40+00:00,0,1,0,0,7.7508,11.016,153.3,184.0,526.6795289855072,506.58677536231886,0,2023-06-14,942
Treinamento com peso vespertino,0.0,4249,4249,0.0,treino com peso,2023-06-13 17:45:51+00:00,0,0,0,0,0.0,0.0,114.8,164.0,0.0,0.0,0,2023-06-13,4249
Corrida ao entardecer,5.9995,2329,2340,32.7,corrida,2023-06-12 18:15:50+00:00,1,3,0,0,9.2736,13.5936,165.5,179.0,526.6795289855072,506.58677536231886,0,2023-06-12,2340
Treinamento com peso matinal,0.0,3206,3206,0.0,treino com peso,2023-06-10 09:05:08+00:00,0,1,0,0,0.0,0.0,103.4,158.0,0.0,0.0,0,2023-06-10,3206
Corrida ao entardecer,0.8109,388,403,0.0,corrida,2023-06-09 18:58:19+00:00,0,2,0,0,7.524,11.2428,140.2,155.0,526.6795289855072,506.58677536231886,0,2023-06-09,403
Corrida ao entardecer,0.09409999999999999,31,31,4.3,corrida,2023-06-09 18:53:40+00:00,0,2,0,0,10.9332,14.2344,96.6,100.0,526.6795289855072,506.58677536231886,0,2023-06-09,31
Corrida ao entardecer,0.09259999999999999,31,31,4.4,corrida,2023-06-09 18:52:06+00:00,0,2,0,0,10.753200000000001,13.9932,108.9,124.0,526.6795289855072,506.58677536231886,0,2023-06-09,31
Corrida ao entardecer,0.09190000000000001,30,30,4.6,corrida,2023-06-09 18:50:25+00:00,0,2,0,0,11.0304,13.1724,111.7,116.0,526.6795289855072,506.58677536231886,0,2023-06-09,30
Corrida ao entardecer,0.09240000000000001,29,29,4.3,corrida,2023-06-09 18:48:53+00:00,0,2,0,0,11.4696,14.634000000000002,115.2,118.0,526.6795289855072,506.58677536231886,0,2023-06-09,29
Corrida ao entardecer,0.09540000000000001,33,33,4.6,corrida,2023-06-09 18:47:01+00:00,0,2,0,0,10.404,12.8376,115.9,122.0,526.6795289855072,506.58677536231886,0,2023-06-09,33
Corrida ao entardecer,0.0991,31,31,4.8,corrida,2023-06-09 18:45:11+00:00,0,2,0,0,11.5128,15.159600000000001,98.7,113.0,526.6795289855072,506.58677536231886,0,2023-06-09,31
Corrida ao entardecer,0.0679,22,30,3.9,corrida,2023-06-09 18:43:34+00:00,0,2,0,0,11.106,22.820400000000003,97.4,101.0,526.6795289855072,506.58677536231886,0,2023-06-09,30
Corrida ao entardecer,0.0986,29,29,5.2,corrida,2023-06-09 18:41:55+00:00,0,2,0,0,12.243599999999999,15.8616,106.0,119.0,526.6795289855072,506.58677536231886,0,2023-06-09,29
Corrida ao entardecer,0.095,29,29,5.0,corrida,2023-06-09 18:40:25+00:00,0,2,0,0,11.79,15.2064,110.9,117.0,526.6795289855072,506.58677536231886,0,2023-06-09,29
Corrida ao entardecer,0.0853,25,25,4.0,corrida,2023-06-09 18:38:51+00:00,0,2,0,0,12.2904,15.105599999999999,100.1,106.0,526.6795289855072,506.58677536231886,0,2023-06-09,25
Corrida ao entardecer,0.08009999999999999,20,23,2.8,corrida,2023-06-09 18:37:21+00:00,0,2,0,0,14.421600000000002,17.4132,133.8,137.0,526.6795289855072,506.58677536231886,0,2023-06-09,23
Corrida ao entardecer,0.1832,79,85,4.8,corrida,2023-06-09 18:35:35+00:00,0,2,0,0,8.3484,13.6044,129.2,146.0,526.6795289855072,506.58677536231886,0,2023-06-09,85
Corrida ao entardecer,2.1738000000000004,883,920,22.7,corrida,2023-06-09 18:14:49+00:00,0,3,0,0,8.8632,14.0112,148.7,173.0,526.6795289855072,506.58677536231886,0,2023-06-09,920
Corrida da tarde,12.1941,4978,5183,67.0,corrida,2023-06-07 17:25:47+00:00,3,2,0,0,8.82,17.269199999999998,169.7,182.0,526.6795289855072,506.58677536231886,0,2023-06-07,5183
Treinamento com peso vespertino,0.0,4899,4899,0.0,treino com peso,2023-06-06 17:41:26+00:00,0,1,0,0,0.0,0.0,107.7,169.0,0.0,0.0,0,2023-06-06,4899
Corrida ao entardecer,6.3891,2714,2765,36.1,corrida,2023-06-05 18:19:45+00:00,3,2,0,0,8.474400000000001,14.1372,143.6,178.0,526.6795289855072,506.58677536231886,0,2023-06-05,2765
Treinamento com peso matinal,0.0,3876,3876,0.0,treino com peso,2023-06-03 09:00:01+00:00,0,2,0,0,0.0,0.0,110.6,150.0,0.0,0.0,0,2023-06-03,3876
Corrida ao entardecer,0.16440000000000002,40,43,0.0,corrida,2023-06-02 19:11:05+00:00,0,2,0,0,14.7996,18.8712,136.8,141.0,526.6795289855072,506.58677536231886,0,2023-06-02,43
Corrida ao entardecer,0.1676,43,71,0.0,corrida,2023-06-02 19:07:30+00:00,0,2,0,0,14.0328,16.030800000000003,135.4,143.0,526.6795289855072,506.58677536231886,0,2023-06-02,71
Corrida ao entardecer,0.16469999999999999,43,43,0.0,corrida,2023-06-02 19:03:48+00:00,0,1,0,0,13.7916,16.7796,132.6,136.0,526.6795289855072,506.58677536231886,0,2023-06-02,43
Corrida ao entardecer,0.1722,53,62,0.0,corrida,2023-06-02 19:00:31+00:00,0,1,0,0,11.6964,15.829200000000002,141.9,147.0,526.6795289855072,506.58677536231886,0,2023-06-02,62
Corrida ao entardecer,0.18009999999999998,49,49,0.0,corrida,2023-06-02 18:57:16+00:00,0,1,0,0,13.23,17.535600000000002,140.8,154.0,526.6795289855072,506.58677536231886,0,2023-06-02,49
Corrida ao entardecer,0.1688,43,43,0.0,corrida,2023-06-02 18:53:58+00:00,0,1,0,0,14.129999999999999,17.676000000000002,134.0,137.0,526.6795289855072,506.58677536231886,0,2023-06-02,43
Corrida ao entardecer,0.1655,45,45,0.0,corrida,2023-06-02 18:50:47+00:00,0,1,0,0,13.2408,15.8436,147.1,161.0,526.6795289855072,506.58677536231886,0,2023-06-02,45
Corrida ao entardecer,0.16090000000000002,47,47,0.0,corrida,2023-06-02 18:47:44+00:00,0,1,0,0,12.3264,17.168400000000002,99.9,105.0,526.6795289855072,506.58677536231886,0,2023-06-02,47
Corrida ao entardecer,0.1656,48,48,0.0,corrida,2023-06-02 18:44:51+00:00,0,1,0,0,12.420000000000002,15.7104,106.9,116.0,526.6795289855072,506.58677536231886,0,2023-06-02,48
Corrida ao entardecer,0.207,59,59,0.0,corrida,2023-06-02 18:42:04+00:00,0,1,0,0,12.6324,18.5724,116.2,121.0,526.6795289855072,506.58677536231886,0,2023-06-02,59
Corrida ao entardecer,2.4372,1048,1070,6.9,corrida,2023-06-02 18:22:47+00:00,0,1,0,0,8.3736,11.3832,148.6,165.0,526.6795289855072,506.58677536231886,0,2023-06-02,1070
Treinamento com peso vespertino,0.0,3248,3248,0.0,treino com peso,2023-06-01 17:58:11+00:00,0,1,0,0,0.0,0.0,105.1,135.0,0.0,0.0,0,2023-06-01,3248
Corrida da tarde,6.051,2400,2560,31.0,corrida,2023-05-31 17:39:35+00:00,3,0,0,0,9.0756,14.6988,146.0,176.0,526.6795289855072,506.58677536231886,1,2023-05-31,2560
Treinamento com peso vespertino,0.0,4649,4649,0.0,treino com peso,2023-05-30 17:39:59+00:00,0,0,0,0,0.0,0.0,103.7,144.0,0.0,0.0,0,2023-05-30,4649
Corrida ao entardecer,6.263199999999999,2594,2603,45.1,corrida,2023-05-29 18:12:17+00:00,1,2,0,0,8.6904,14.392800000000001,158.0,179.0,526.6795289855072,506.58677536231886,0,2023-05-29,2603
Corrida matinal,4.9218,1903,1974,66.3,corrida,2023-05-27 08:11:00+00:00,0,2,0,0,9.3096,28.404,135.4,178.0,526.6795289855072,506.58677536231886,0,2023-05-27,1974
Corrida ao entardecer,1.005,422,422,15.4,corrida,2023-05-26 19:25:22+00:00,0,1,0,0,8.5752,12.4776,162.6,175.0,526.6795289855072,506.58677536231886,0,2023-05-26,422
Corrida ao entardecer,9.3001,3889,3964,78.2,corrida,2023-05-26 18:18:51+00:00,1,1,0,0,8.6076,12.387599999999999,161.8,173.0,526.6795289855072,506.58677536231886,0,2023-05-26,3964
Corrida da tarde,5.7299,2431,2639,62.7,corrida,2023-05-24 17:38:21+00:00,0,0,0,0,8.4852,14.9148,165.5,177.0,526.6795289855072,506.58677536231886,0,2023-05-24,2639
Corrida ao entardecer,6.3278,2577,2597,45.3,corrida,2023-05-22 18:18:41+00:00,2,1,0,0,8.838000000000001,14.2164,164.2,179.0,526.6795289855072,506.58677536231886,1,2023-05-22,2597
Corrida ao entardecer,0.25989999999999996,87,90,10.5,corrida,2023-05-19 19:09:21+00:00,0,1,0,0,10.753200000000001,13.662,112.0,124.0,526.6795289855072,506.58677536231886,0,2023-05-19,90
Corrida ao entardecer,0.2697,91,96,11.0,corrida,2023-05-19 19:04:45+00:00,0,1,0,0,10.6668,14.6952,104.2,110.0,526.6795289855072,506.58677536231886,0,2023-05-19,96
Corrida ao entardecer,0.26630000000000004,97,101,10.7,corrida,2023-05-19 18:59:26+00:00,0,1,0,0,9.882000000000001,12.924,146.9,159.0,526.6795289855072,506.58677536231886,0,2023-05-19,101
Corrida ao entardecer,0.2727,97,100,11.2,corrida,2023-05-19 18:54:14+00:00,0,1,0,0,10.1196,11.854800000000001,105.6,113.0,526.6795289855072,506.58677536231886,0,2023-05-19,100
Corrida ao entardecer,0.2759,85,88,11.3,corrida,2023-05-19 18:49:35+00:00,0,1,0,0,11.6856,14.745600000000001,128.0,130.0,526.6795289855072,506.58677536231886,0,2023-05-19,88
Corrida ao entardecer,0.2807,88,88,11.8,corrida,2023-05-19 18:43:53+00:00,0,1,0,0,11.484,13.7736,135.9,141.0,526.6795289855072,506.58677536231886,0,2023-05-19,88
Corrida ao entardecer,3.4494000000000002,1364,1447,14.6,corrida,2023-05-19 18:17:26+00:00,0,2,0,0,9.1044,13.586400000000001,126.2,175.0,526.6795289855072,506.58677536231886,0,2023-05-19,1447
Corrida ao entardecer,0.5589,265,270,0.0,corrida,2023-05-14 19:57:36+00:00,0,1,0,0,7.5924000000000005,14.3892,145.0,161.0,526.6795289855072,506.58677536231886,0,2023-05-14,270
Corrida ao entardecer,3.1953,1290,1425,0.0,corrida,2023-05-14 19:31:58+00:00,0,2,0,0,8.9172,14.5044,146.4,173.0,526.6795289855072,506.58677536231886,0,2023-05-14,1425
Corrida ao entardecer,2.2945,959,964,25.5,corrida,2023-05-08 18:36:34+00:00,0,1,0,0,8.614799999999999,12.9528,169.8,178.0,526.6795289855072,506.58677536231886,0,2023-05-08,964
Corrida ao entardecer,2.4736,872,1257,2.1,corrida,2023-05-08 18:14:43+00:00,2,1,0,0,10.2132,11.9628,171.5,177.0,526.6795289855072,506.58677536231886,1,2023-05-08,1257
Treinamento com peso matinal,0.0,5704,5704,0.0,treino com peso,2023-05-08 09:27:41+00:00,0,1,0,0,0.0,0.0,118.0,173.0,0.0,0.0,0,2023-05-08,5704
Corrida ao entardecer,7.195,2927,2970,75.3,corrida,2023-05-05 18:19:32+00:00,0,1,0,0,8.8488,14.817599999999999,160.7,176.0,526.6795289855072,506.58677536231886,0,2023-05-05,2970
Corrida ao entardecer,7.0221,2722,3144,40.5,corrida,2023-05-03 19:18:09+00:00,3,1,0,0,9.288,18.223200000000002,167.5,182.0,526.6795289855072,506.58677536231886,1,2023-05-03,3144
Corrida vespertina,2.5000999999999998,1041,1170,9.3,corrida,2023-05-01 17:50:32+00:00,0,1,0,0,8.647200000000002,36.5904,148.1,161.0,526.6795289855072,506.58677536231886,0,2023-05-01,1170
Corrida ao entardecer,5.2493,2239,2293,103.8,corrida,2023-04-28 18:40:29+00:00,2,0,0,0,8.4384,22.6404,163.6,177.0,526.6795289855072,506.58677536231886,0,2023-04-28,2293
Corrida ao entardecer,3.1301,1264,1284,12.9,corrida,2023-04-28 18:17:59+00:00,0,0,0,0,8.9136,20.779200000000003,138.7,171.0,526.6795289855072,506.58677536231886,0,2023-04-28,1284
Corrida ao entardecer,5.0606,2042,2327,63.8,corrida,2023-04-27 19:42:36+00:00,0,2,0,0,8.920800000000002,13.1508,167.5,181.0,526.6795289855072,506.58677536231886,0,2023-04-27,2327
Treinamento com peso vespertino,0.0,4035,4035,0.0,treino com peso,2023-04-27 17:48:10+00:00,0,0,0,0,0.0,0.0,105.2,161.0,0.0,0.0,0,2023-04-27,4035
Treinamento com peso ao entardecer,0.0,4913,4913,0.0,treino com peso,2023-04-25 18:02:08+00:00,0,0,0,0,0.0,0.0,104.3,142.0,0.0,0.0,0,2023-04-25,4913
Corrida ao entardecer,5.347899999999999,2063,2091,25.5,corrida,2023-04-24 18:16:14+00:00,4,0,0,0,9.3312,16.4088,168.3,179.0,526.6795289855072,506.58677536231886,1,2023-04-24,2091
Corrida matinal,3.7193,1471,2597,27.1,corrida,2023-04-21 08:18:45+00:00,0,1,0,0,9.1008,29.782799999999998,172.0,178.0,526.6795289855072,506.58677536231886,0,2023-04-21,2597
Treinamento com peso vespertino,0.0,3654,3654,0.0,treino com peso,2023-04-20 17:56:25+00:00,0,0,0,0,0.0,0.0,110.4,160.0,0.0,0.0,0,2023-04-20,3654
Corrida vespertina,5.35,2613,2613,0.0,corrida,2023-04-19 17:43:40+00:00,0,0,0,0,7.369200000000001,0.0,157.1,176.0,526.6795289855072,506.58677536231886,0,2023-04-19,2613
Treinamento com peso vespertino,0.0,5400,5400,0.0,treino com peso,2023-04-18 17:42:02+00:00,0,0,0,0,0.0,0.0,105.1,162.0,0.0,0.0,0,2023-04-18,5400
Corrida ao entardecer,0.5038,206,222,13.3,corrida,2023-04-17 18:35:25+00:00,0,0,0,0,8.8056,11.034,143.6,179.0,526.6795289855072,506.58677536231886,0,2023-04-17,222
Corrida ao entardecer,2.6586,964,990,2.1,corrida,2023-04-17 18:18:38+00:00,0,0,0,0,9.9288,15.2064,99.5,109.0,526.6795289855072,506.58677536231886,0,2023-04-17,990
Corrida ao entardecer,1.5857,705,712,19.1,corrida,2023-04-14 19:11:28+00:00,0,0,0,0,8.096400000000001,10.836,99.7,116.0,526.6795289855072,506.58677536231886,0,2023-04-14,712
Corrida ao entardecer,5.6658,2411,2817,26.9,corrida,2023-04-14 18:16:05+00:00,0,0,0,0,8.46,16.092,131.1,180.0,526.6795289855072,506.58677536231886,0,2023-04-14,2817
Treinamento com peso vespertino,0.0,6235,6235,0.0,treino com peso,2023-04-13 17:41:17+00:00,0,0,0,0,0.0,0.0,106.0,150.0,0.0,0.0,0,2023-04-13,6235
Corrida vespertina,5.55,2489,2489,0.0,corrida,2023-04-12 17:46:24+00:00,0,0,0,0,8.028,0.0,155.0,178.0,526.6795289855072,506.58677536231886,0,2023-04-12,2489
Treinamento com peso vespertino,0.0,5019,5019,0.0,treino com peso,2023-04-11 17:44:24+00:00,0,0,0,0,0.0,0.0,108.6,179.0,0.0,0.0,0,2023-04-11,5019
Corrida ao entardecer,5.2311000000000005,2113,2141,65.3,corrida,2023-04-10 18:12:39+00:00,3,0,0,0,8.9136,22.715999999999998,147.3,178.0,526.6795289855072,506.58677536231886,1,2023-04-10,2141
Corrida matinal,5.7881,2574,2970,129.5,corrida,2023-04-07 07:08:04+00:00,5,1,0,0,8.096400000000001,27.3348,153.5,177.0,526.6795289855072,506.58677536231886,3,2023-04-07,2970
Caminhada matinal,1.4034,983,983,9.1,caminhada,2023-04-07 06:43:46+00:00,0,0,0,0,5.1408,7.5600000000000005,118.4,133.0,813.1,803.8,0,2023-04-07,983
Corrida ao entardecer,8.751100000000001,3595,3708,70.1,corrida,2023-04-05 18:07:13+00:00,1,0,0,0,8.762400000000001,15.4116,162.9,177.0,526.6795289855072,506.58677536231886,0,2023-04-05,3708
Treinamento com peso vespertino,0.0,5546,5546,0.0,treino com peso,2023-04-04 17:53:36+00:00,0,0,0,0,0.0,0.0,109.7,167.0,0.0,0.0,0,2023-04-04,5546
Corrida ao entardecer,4.7372,1805,1872,27.8,corrida,2023-04-03 18:21:16+00:00,1,0,0,0,9.4464,36.8244,124.9,172.0,526.6795289855072,506.58677536231886,0,2023-04-03,1872
Corrida matinal,9.7464,3904,4010,88.5,corrida,2023-04-02 08:00:32+00:00,3,1,0,0,8.9892,16.3584,172.8,181.0,526.6795289855072,506.58677536231886,1,2023-04-02,4010
Corrida ao entardecer,4.7701,1970,2025,27.6,corrida,2023-03-31 18:17:35+00:00,1,0,0,0,8.7156,13.607999999999999,157.4,170.0,526.6795289855072,506.58677536231886,0,2023-03-31,2025
Corrida ao entardecer,7.1188,2942,3115,38.1,corrida,2023-03-29 18:05:46+00:00,0,0,0,0,8.712,29.0196,155.4,178.0,526.6795289855072,506.58677536231886,0,2023-03-29,3115
Treinamento com peso vespertino,0.0,5768,5768,0.0,treino com peso,2023-03-28 17:54:02+00:00,0,0,0,0,0.0,0.0,102.2,141.0,0.0,0.0,0,2023-03-28,5768
Corrida ao entardecer,9.7382,3975,4000,89.1,corrida,2023-03-27 18:44:41+00:00,4,1,0,0,8.82,14.9364,167.8,178.0,526.6795289855072,506.58677536231886,3,2023-03-27,4000
Treinamento com peso matinal,0.0,6422,6422,0.0,treino com peso,2023-03-25 08:37:27+00:00,0,0,0,0,0.0,0.0,117.2,166.0,0.0,0.0,0,2023-03-25,6422
Corrida ao entardecer,8.9428,3734,3869,71.2,corrida,2023-03-24 18:16:18+00:00,1,0,0,0,8.622,14.4108,166.7,176.0,526.6795289855072,506.58677536231886,0,2023-03-24,3869
Corrida ao entardecer,10.0771,4588,4679,90.2,corrida,2023-03-22 18:04:19+00:00,4,0,0,0,7.905600000000001,13.8384,155.2,179.0,526.6795289855072,506.58677536231886,0,2023-03-22,4679
Treinamento com peso ao entardecer,0.0,5581,5581,0.0,treino com peso,2023-03-21 18:01:54+00:00,0,0,0,0,0.0,0.0,97.6,141.0,0.0,0.0,0,2023-03-21,5581
Corrida ao entardecer,4.6037,1768,1774,27.6,corrida,2023-03-20 18:12:09+00:00,2,0,0,0,9.374400000000001,14.3172,120.0,182.0,526.6795289855072,506.58677536231886,1,2023-03-20,1774
Corrida ao entardecer,8.9517,3762,3875,73.1,corrida,2023-03-17 18:17:19+00:00,2,1,0,0,8.564400000000001,15.9192,165.5,180.0,526.6795289855072,506.58677536231886,1,2023-03-17,3875
Corrida ao entardecer,3.7545,830,2360,17.1,corrida,2023-03-15 18:20:27+00:00,1,1,0,0,16.2864,14.461200000000002,159.6,177.0,526.6795289855072,506.58677536231886,1,2023-03-15,2360
Corrida ao entardecer,7.0363999999999995,2965,3020,39.1,corrida,2023-03-09 18:06:08+00:00,3,0,0,0,8.542800000000002,12.6324,159.4,180.0,526.6795289855072,506.58677536231886,0,2023-03-09,3020
Corrida ao entardecer,7.019699999999999,3109,3154,54.1,corrida,2023-03-08 18:07:32+00:00,0,0,0,0,8.1288,13.6332,152.8,168.0,526.6795289855072,506.58677536231886,0,2023-03-08,3154
Treinamento com peso vespertino,0.0,4639,4639,0.0,treino com peso,2023-03-07 17:45:17+00:00,0,0,0,0,0.0,0.0,111.0,184.0,0.0,0.0,0,2023-03-07,4639
Corrida ao entardecer,4.896100000000001,1838,1897,28.7,corrida,2023-03-06 18:22:18+00:00,3,0,0,0,9.5904,13.0392,169.4,181.0,526.6795289855072,506.58677536231886,2,2023-03-06,1897
Corrida ao entardecer,8.1943,3398,3496,82.1,corrida,2023-03-03 18:26:59+00:00,2,1,0,0,8.6832,14.018400000000002,165.0,176.0,526.6795289855072,506.58677536231886,0,2023-03-03,3496
Corrida vespertina,5.927,2577,2678,67.3,corrida,2023-03-01 17:42:42+00:00,0,1,0,0,8.28,20.0448,158.6,171.0,526.6795289855072,506.58677536231886,0,2023-03-01,2678
Corrida ao entardecer,5.2592,1796,2053,29.3,corrida,2023-02-27 18:13:42+00:00,6,0,0,0,10.5408,40.4676,169.7,180.0,526.6795289855072,506.58677536231886,3,2023-02-27,2053
Corrida ao entardecer,10.0291,4418,4532,91.2,corrida,2023-02-24 18:17:30+00:00,2,1,0,0,8.172,12.7908,169.6,180.0,526.6795289855072,506.58677536231886,0,2023-02-24,4532
Treinamento com peso vespertino,0.0,4490,4490,0.0,treino com peso,2023-02-23 17:41:15+00:00,0,0,0,0,0.0,0.0,112.4,178.0,0.0,0.0,0,2023-02-23,4490
Corrida vespertina,5.371,2891,2891,0.0,corrida,2023-02-22 17:43:21+00:00,0,0,0,0,6.6888000000000005,0.0,168.8,183.0,526.6795289855072,506.58677536231886,0,2023-02-22,2891
Corrida ao entardecer,5.504,2861,2861,0.0,corrida,2023-02-17 18:17:51+00:00,0,0,0,0,6.9264,0.0,168.5,185.0,526.6795289855072,506.58677536231886,0,2023-02-17,2861
Treinamento com peso matinal,0.0,2312,2312,0.0,treino com peso,2023-02-16 06:07:07+00:00,0,0,0,0,0.0,0.0,107.6,140.0,0.0,0.0,0,2023-02-16,2312
Corrida ao entardecer,6.7338000000000005,2813,2924,59.1,corrida,2023-02-13 18:14:27+00:00,4,0,0,0,8.618400000000001,12.0816,154.2,179.0,526.6795289855072,506.58677536231886,0,2023-02-13,2924
Corrida ao entardecer,7.6349,3363,3501,129.8,corrida,2023-02-10 18:12:53+00:00,3,0,0,0,8.172,12.391200000000001,159.2,182.0,526.6795289855072,506.58677536231886,1,2023-02-10,3501
Treinamento com peso matinal,0.0,2304,2304,0.0,treino com peso,2023-02-09 06:09:51+00:00,0,0,0,0,0.0,0.0,103.6,138.0,0.0,0.0,0,2023-02-09,2304
Treinamento com peso matinal,0.0,2286,2286,0.0,treino com peso,2023-02-08 06:08:53+00:00,0,0,0,0,0.0,0.0,110.0,140.0,0.0,0.0,0,2023-02-08,2286
Treinamento com peso vespertino,0.0,4744,4744,0.0,treino com peso,2023-02-07 17:46:02+00:00,0,0,0,0,0.0,0.0,105.1,139.0,0.0,0.0,0,2023-02-07,4744
Corrida ao entardecer,4.8361,1863,2040,27.6,corrida,2023-02-06 18:16:35+00:00,2,1,0,0,9.345600000000001,13.496400000000001,152.2,184.0,526.6795289855072,506.58677536231886,1,2023-02-06,2040
Corrida ao entardecer,3.0042,1385,1408,28.5,corrida,2023-02-03 18:14:29+00:00,0,0,0,0,7.808400000000001,11.1492,152.8,173.0,526.6795289855072,506.58677536231886,0,2023-02-03,1408
Corrida ao entardecer,10.034799999999999,4952,5080,156.4,corrida,2023-02-02 18:01:46+00:00,3,0,0,0,7.2936,11.008799999999999,156.0,179.0,526.6795289855072,506.58677536231886,0,2023-02-02,5080
Corrida ao entardecer,6.6791,3109,3182,127.4,corrida,2023-02-01 18:15:57+00:00,0,0,0,0,7.732800000000001,13.870800000000001,149.4,175.0,526.6795289855072,506.58677536231886,0,2023-02-01,3182
Treinamento com peso matinal,0.0,2825,2825,0.0,treino com peso,2023-01-31 06:02:57+00:00,0,0,0,0,0.0,0.0,108.5,140.0,0.0,0.0,0,2023-01-31,2825
Corrida ao entardecer,6.190600000000001,2940,2999,47.1,corrida,2023-01-26 18:16:23+00:00,0,2,0,0,7.5816,15.714,153.6,175.0,526.6795289855072,506.58677536231886,0,2023-01-26,2999
Treinamento com peso matinal,0.0,1983,1983,0.0,treino com peso,2023-01-26 06:13:05+00:00,0,0,0,0,0.0,0.0,117.2,154.0,0.0,0.0,0,2023-01-26,1983
Treinamento com peso matinal,0.0,2280,2280,0.0,treino com peso,2023-01-25 06:09:30+00:00,0,0,0,0,0.0,0.0,97.6,124.0,0.0,0.0,0,2023-01-25,2280
Treinamento com peso matinal,0.0,2393,2393,0.0,treino com peso,2023-01-24 06:10:55+00:00,0,0,0,0,0.0,0.0,116.8,160.0,0.0,0.0,0,2023-01-24,2393
Corrida ao entardecer,1.1398,513,585,27.0,corrida,2023-01-23 19:03:07+00:00,0,0,0,0,7.9992,14.637599999999999,158.4,174.0,526.6795289855072,506.58677536231886,0,2023-01-23,585
Corrida ao entardecer,5.258,2118,2146,57.8,corrida,2023-01-23 18:20:26+00:00,0,1,0,0,8.9388,14.817599999999999,165.9,179.0,526.6795289855072,506.58677536231886,0,2023-01-23,2146
Corrida ao entardecer,7.448300000000001,3149,3181,79.8,corrida,2023-01-20 18:18:46+00:00,1,1,0,0,8.514000000000001,12.3264,165.6,177.0,526.6795289855072,506.58677536231886,0,2023-01-20,3181
Treinamento com peso matinal,0.0,2446,2446,0.0,treino com peso,2023-01-20 06:09:37+00:00,0,0,0,0,0.0,0.0,106.5,139.0,0.0,0.0,0,2023-01-20,2446
Corrida ao entardecer,4.2466,1772,1808,26.1,corrida,2023-01-19 18:01:03+00:00,1,0,0,0,8.629199999999999,12.783600000000002,161.9,176.0,526.6795289855072,506.58677536231886,0,2023-01-19,1808
Corrida ao entardecer,2.8841,1696,3454,91.7,corrida,2023-01-18 18:07:32+00:00,1,0,0,0,6.123600000000001,11.4696,158.8,178.0,526.6795289855072,506.58677536231886,0,2023-01-18,3454
Treinamento com peso matinal,0.0,2677,2677,0.0,treino com peso,2023-01-18 06:08:36+00:00,0,0,0,0,0.0,0.0,103.6,134.0,0.0,0.0,0,2023-01-18,2677
Treinamento com peso matinal,0.0,2480,2480,0.0,treino com peso,2023-01-17 06:06:35+00:00,0,0,0,0,0.0,0.0,116.6,159.0,0.0,0.0,0,2023-01-17,2480
Corrida ao entardecer,4.5283999999999995,1793,1866,27.8,corrida,2023-01-16 18:20:40+00:00,1,2,0,0,9.0936,12.607199999999999,151.8,182.0,526.6795289855072,506.58677536231886,1,2023-01-16,1866
Treino matinal,0.0,2485,2485,0.0,treino livre,2023-01-16 06:08:29+00:00,0,1,0,0,0.0,0.0,106.0,142.0,0.0,0.0,0,2023-01-16,2485
Treinamento com peso matinal,0.0,2826,2826,0.0,treino com peso,2023-01-13 06:06:13+00:00,0,0,0,0,0.0,0.0,105.3,146.0,0.0,0.0,0,2023-01-13,2826
Treinamento com peso matinal,0.0,2413,2413,0.0,treino com peso,2023-01-12 06:05:00+00:00,0,0,0,0,0.0,0.0,111.0,162.0,0.0,0.0,0,2023-01-12,2413
Corrida ao entardecer,0.3335,123,131,12.4,corrida,2023-01-11 18:54:34+00:00,0,0,0,0,9.759599999999999,14.079600000000001,116.8,143.0,526.6795289855072,506.58677536231886,0,2023-01-11,131
Corrida ao entardecer,0.4717,179,184,18.9,corrida,2023-01-11 18:45:45+00:00,0,0,0,0,9.485999999999999,12.1068,139.8,148.0,526.6795289855072,506.58677536231886,0,2023-01-11,184
Corrida ao entardecer,3.0034,1289,1344,13.0,corrida,2023-01-11 18:17:23+00:00,0,1,0,0,8.388,11.268,156.1,177.0,526.6795289855072,506.58677536231886,0,2023-01-11,1344
Treino matinal,0.0,2823,2823,0.0,treino livre,2023-01-11 06:06:16+00:00,0,0,0,0,0.0,0.0,114.3,146.0,0.0,0.0,0,2023-01-11,2823
Treinamento com peso ao entardecer,0.0,3945,3945,0.0,treino com peso,2023-01-10 18:01:50+00:00,0,0,0,0,0.0,0.0,114.2,162.0,0.0,0.0,0,2023-01-10,3945
Corrida vespertina,3.53,1806,1806,0.0,corrida,2023-01-09 17:56:08+00:00,0,0,0,0,7.038,0.0,144.6,172.0,526.6795289855072,506.58677536231886,0,2023-01-09,1806
Treinamento com peso na hora do almoÃ§o,0.0,2812,2812,0.0,treino com peso,2023-01-09 11:08:44+00:00,0,0,0,0,0.0,0.0,106.4,145.0,0.0,0.0,0,2023-01-09,2812
Treinamento com peso vespertino,0.0,3991,3991,0.0,treino com peso,2023-01-04 17:49:53+00:00,0,0,0,0,0.0,0.0,112.0,160.0,0.0,0.0,0,2023-01-04,3991
Corrida ao entardecer,5.8576999999999995,3330,3402,142.3,corrida,2023-01-03 18:00:29+00:00,2,2,0,0,6.3324,12.078,148.8,171.0,526.6795289855072,506.58677536231886,1,2023-01-03,3402
Corrida ao entardecer,8.776,2195,2195,0.0,corrida,2023-01-02 18:08:46+00:00,0,2,0,0,14.392800000000001,0.0,158.9,178.0,526.6795289855072,506.58677536231886,0,2023-01-02,2195
Treino vespertino,0.0,4120,4120,0.0,treino livre,2022-12-28 17:50:37+00:00,0,0,0,0,0.0,0.0,104.5,150.0,0.0,0.0,0,2022-12-28,4120
Corrida ao entardecer,5.7468,2723,2737,65.3,corrida,2022-12-27 18:03:43+00:00,0,0,0,0,7.596,21.729599999999998,153.4,165.0,526.6795289855072,506.58677536231886,0,2022-12-27,2737
Corrida matinal,7.1029,3755,6048,224.7,corrida,2022-12-24 06:22:31+00:00,1,1,0,0,6.8111999999999995,14.436,151.4,181.0,526.6795289855072,506.58677536231886,0,2022-12-24,6048
Corrida ao entardecer,10.052,4441,4539,85.4,corrida,2022-12-22 18:02:34+00:00,0,1,0,0,8.1468,11.973600000000001,163.1,184.0,526.6795289855072,506.58677536231886,0,2022-12-22,4539
Treino ao entardecer,0.0,3687,3687,0.0,treino livre,2022-12-21 18:02:04+00:00,0,0,0,0,0.0,0.0,109.8,149.0,0.0,0.0,0,2022-12-21,3687
Corrida ao entardecer,6.634,2932,2961,54.6,corrida,2022-12-20 18:06:50+00:00,1,0,0,0,8.1468,12.7764,153.0,172.0,526.6795289855072,506.58677536231886,0,2022-12-20,2961
Corrida vespertina,7.8,3717,3717,0.0,corrida,2022-12-19 17:44:34+00:00,0,0,0,0,7.5527999999999995,0.0,156.1,172.0,526.6795289855072,506.58677536231886,0,2022-12-19,3717
Corrida matinal,4.8335,2502,4092,128.7,corrida,2022-12-17 05:53:36+00:00,0,0,0,0,6.9552,10.4328,142.6,170.0,526.6795289855072,506.58677536231886,0,2022-12-17,4092
Corrida ao entardecer,6.6484,2715,2738,55.4,corrida,2022-12-16 18:20:58+00:00,5,1,0,0,8.8164,12.9708,165.5,178.0,526.6795289855072,506.58677536231886,3,2022-12-16,2738
Treino vespertino,0.0,4399,4399,0.0,treino livre,2022-12-15 17:50:38+00:00,0,0,0,0,0.0,0.0,98.9,152.0,0.0,0.0,0,2022-12-15,4399
Treino vespertino,0.0,4492,4492,0.0,treino livre,2022-12-14 17:46:33+00:00,0,0,0,0,0.0,0.0,115.0,172.0,0.0,0.0,0,2022-12-14,4492
23 volta internacional da Pampulha ,18.708,8555,8724,33.1,corrida,2022-12-11 07:17:03+00:00,1,2,0,0,7.8732,13.2804,162.0,175.0,526.6795289855072,506.58677536231886,0,2022-12-11,8724
Corrida ao entardecer,8.120899999999999,3473,3477,80.9,corrida,2022-12-09 18:25:57+00:00,5,2,0,0,8.4168,14.313600000000001,169.4,180.0,526.6795289855072,506.58677536231886,3,2022-12-09,3477
Corrida ao entardecer,7.1253,3266,3299,75.0,corrida,2022-12-08 18:43:48+00:00,2,1,0,0,7.8552,13.4172,159.9,173.0,526.6795289855072,506.58677536231886,0,2022-12-08,3299
Corrida vespertina,5.01,2853,2853,0.0,corrida,2022-12-07 17:44:04+00:00,0,1,0,0,6.3216,0.0,160.4,175.0,526.6795289855072,506.58677536231886,0,2022-12-07,2853
Evening Run,5.0281,2009,2025,38.9,corrida,2022-11-28 18:18:15+00:00,1,0,0,0,9.010800000000001,13.860000000000001,131.63351449275362,131.63351449275362,526.6795289855072,506.58677536231886,1,2022-11-28,2025
Evening Run,10.195799999999998,4319,4368,92.1,corrida,2022-11-25 18:18:47+00:00,8,2,0,0,8.499600000000001,15.692400000000001,131.63351449275362,131.63351449275362,526.6795289855072,506.58677536231886,1,2022-11-25,4368
Morning Run,7.79,3761,3802,80.4,corrida,2022-11-23 08:25:06+00:00,5,0,0,0,7.4556000000000004,12.222,131.63351449275362,131.63351449275362,526.6795289855072,506.58677536231886,0,2022-11-23,3802
Evening Run,6.8484,2880,2896,55.5,corrida,2022-11-18 18:20:37+00:00,5,1,0,0,8.5608,13.0392,131.63351449275362,131.63351449275362,526.6795289855072,506.58677536231886,1,2022-11-18,2896
Morning Run,6.081600000000001,2376,2407,45.9,corrida,2022-11-06 08:05:40+00:00,1,1,0,0,9.216000000000001,15.753600000000002,131.63351449275362,131.63351449275362,526.6795289855072,506.58677536231886,1,2022-11-06,2407
Evening Run,10.1814,4253,4280,91.0,corrida,2022-11-04 18:17:23+00:00,0,1,0,0,8.618400000000001,16.2864,131.63351449275362,131.63351449275362,526.6795289855072,506.58677536231886,0,2022-11-04,4280
