name,distance,moving_time,elapsed_time,total_elevation_gain,sport_type,id,start_date_local,achievement_count,kudos_count,comment_count,photo_count,average_speed,max_speed,average_heartrate,max_heartrate,elev_high,elev_low,pr_count
Corrida ao entardecer,3466.0,2389,2828,31.4,Run,11420102636,2024-05-15T18:13:10Z,0,2,0,0,1.451,2.697,94.0,155.0,845.1,811.9,0
Treinamento com peso vespertino,0.0,2403,2403,0.0,WeightTraining,11419849701,2024-05-15T17:23:12Z,0,1,0,0,0.0,0.0,100.2,133.0,0.0,0.0,0
Corrida da tarde,2610.0,1808,1808,0.0,Run,11419849731,2024-05-14T17:52:10Z,0,1,0,0,1.444,0.0,121.7,128.0,0.0,0.0,0
Simulador de escada vespertino,0.0,1849,1849,0.0,StairStepper,11419849633,2024-05-14T17:20:36Z,0,1,0,0,0.0,0.0,146.5,174.0,0.0,0.0,0
Treinamento com peso vespertino,0.0,4331,4331,0.0,WeightTraining,11419849823,2024-05-13T17:19:25Z,0,1,0,0,0.0,0.0,94.1,127.0,0.0,0.0,0
Treinamento com peso vespertino,0.0,3794,3794,0.0,WeightTraining,11419849709,2024-05-09T17:14:05Z,0,1,0,0,0.0,0.0,92.8,127.0,0.0,0.0,0
Simulador de escada ao entardecer,0.0,989,989,0.0,StairStepper,11364604596,2024-05-08T18:13:37Z,0,3,0,0,0.0,0.0,134.1,168.0,0.0,0.0,0
Pedalada da tarde,0.0,959,959,0.0,Ride,11364604575,2024-05-08T17:55:33Z,0,2,0,0,0.0,0.0,104.2,132.0,0.0,0.0,0
Welcome back bb,3550.0,1934,1934,0.0,Run,11364604807,2024-05-08T17:21:29Z,0,3,0,0,1.836,0.0,130.7,163.0,0.0,0.0,0
Treinamento com peso vespertino,0.0,5523,5523,0.0,WeightTraining,11360276721,2024-05-07T17:22:11Z,0,0,0,0,0.0,0.0,98.7,154.0,0.0,0.0,0
Treinamento com peso vespertino,0.0,5971,5971,0.0,WeightTraining,11360276714,2024-05-06T17:12:50Z,0,0,0,0,0.0,0.0,99.9,152.0,0.0,0.0,0
Caminhada matinal,4386.5,4205,4968,159.8,Walk,11364605200,2024-05-04T06:34:38Z,0,1,0,0,1.043,10.248,109.9,142.0,914.7,785.1,0
Corrida da tarde,2820.0,2113,2113,0.0,Run,11360276796,2024-05-03T17:48:46Z,0,3,0,0,1.335,0.0,109.7,138.0,0.0,0.0,0
Simulador de escada vespertino,0.0,1934,1934,0.0,StairStepper,11360272225,2024-05-03T17:14:52Z,0,0,0,0,0.0,0.0,146.8,174.0,0.0,0.0,0
Treinamento com peso vespertino,0.0,7900,7900,0.0,WeightTraining,11360275236,2024-05-02T17:14:40Z,0,0,0,0,0.0,0.0,101.0,163.0,0.0,0.0,0
Caminhada matinal,6076.8,5467,8059,174.4,Walk,11360281332,2024-05-01T06:29:07Z,0,1,0,0,1.112,7.535,96.3,132.0,914.7,785.1,0
Treinamento com peso vespertino,0.0,5730,5730,0.0,WeightTraining,11360275136,2024-04-30T17:18:31Z,0,0,0,0,0.0,0.0,102.4,149.0,0.0,0.0,0
Treinamento com peso vespertino,0.0,5199,5199,0.0,WeightTraining,11294981337,2024-04-29T17:14:55Z,0,3,0,0,0.0,0.0,111.1,158.0,0.0,0.0,0
Nata√ß√£o matinal,2025.0,3596,3596,0.0,Swim,11275979065,2024-04-27T08:47:40Z,0,5,0,0,0.563,0.0,,,0.0,0.0,0
Pedalada ao entardecer,0.0,674,674,0.0,Ride,11271216757,2024-04-26T18:34:13Z,0,2,0,0,0.0,0.0,98.3,113.0,0.0,0.0,0
Recuperando aos poucos üí™üèΩüí™üèΩ Caminhada tranquila para matar a saudade do corre ü§©,1420.0,1227,1227,0.0,Walk,11271216787,2024-04-26T18:06:31Z,0,2,0,0,1.157,0.0,118.7,132.0,0.0,0.0,0
Treino vespertino,0.0,2838,2838,0.0,Workout,11271216792,2024-04-26T17:18:48Z,0,0,0,0,0.0,0.0,76.4,111.0,0.0,0.0,0
Treinamento com peso vespertino,0.0,4501,4501,0.0,WeightTraining,11266820283,2024-04-25T17:14:25Z,0,0,0,0,0.0,0.0,99.6,149.0,0.0,0.0,0
Caminhada vespertina,7090.4,5234,5424,46.1,Walk,11257775427,2024-04-24T17:44:17Z,0,3,0,0,1.355,8.797,112.9,139.0,814.4,787.4,0
Treinamento com peso vespertino,0.0,6333,6333,0.0,WeightTraining,11257775238,2024-04-23T17:14:32Z,0,2,0,0,0.0,0.0,101.1,137.0,0.0,0.0,0
Treinamento com peso vespertino,0.0,5176,5176,0.0,WeightTraining,11242449960,2024-04-22T17:09:41Z,0,0,0,0,0.0,0.0,105.6,154.0,0.0,0.0,0
Caminhada matinal,6991.0,6296,7058,174.1,Walk,11237659806,2024-04-21T06:19:04Z,0,2,0,0,1.11,2.653,112.8,135.0,914.7,785.1,0
Treinamento com peso matinal,0.0,6351,6351,0.0,WeightTraining,11237658210,2024-04-20T08:57:41Z,0,0,0,0,0.0,0.0,109.8,155.0,0.0,0.0,0
Pedalada ao entardecer,0.0,645,645,0.0,Ride,11237658103,2024-04-19T18:45:06Z,0,1,0,0,0.0,0.0,125.4,142.0,0.0,0.0,0
Simulador de escada ao entardecer,0.0,1900,1900,0.0,StairStepper,11237658109,2024-04-19T18:10:24Z,0,1,0,0,0.0,0.0,154.1,179.0,0.0,0.0,0
Treinamento com peso vespertino,0.0,3399,3399,0.0,WeightTraining,11237658151,2024-04-19T17:12:27Z,0,1,0,0,0.0,0.0,81.6,107.0,0.0,0.0,0
Treinamento com peso vespertino,0.0,6254,6254,0.0,WeightTraining,11237658183,2024-04-18T17:09:55Z,0,1,0,0,0.0,0.0,100.9,138.0,0.0,0.0,0
Treinamento com peso vespertino,0.0,5525,5525,0.0,WeightTraining,11237658257,2024-04-17T17:23:49Z,0,0,0,0,0.0,0.0,102.8,160.0,0.0,0.0,0
Treino ao entardecer,0.0,469,469,0.0,Workout,11198150380,2024-04-16T18:15:32Z,0,2,0,0,0.0,0.0,110.2,136.0,0.0,0.0,0
Pedalada da tarde,0.0,1886,1886,0.0,Ride,11198150407,2024-04-16T17:43:48Z,0,3,0,0,0.0,0.0,118.9,136.0,0.0,0.0,0
Simulador de escada vespertino,0.0,1748,1748,0.0,StairStepper,11198150564,2024-04-16T17:12:33Z,0,3,0,0,0.0,0.0,143.6,178.0,0.0,0.0,0
Treino ao entardecer,0.0,1744,1744,0.0,Workout,11198150394,2024-04-12T18:19:26Z,0,0,0,0,0.0,0.0,114.9,149.0,0.0,0.0,0
Treino vespertino,0.0,3182,3182,0.0,Workout,11198150586,2024-04-12T17:22:55Z,0,0,0,0,0.0,0.0,83.9,119.0,0.0,0.0,0
Treinamento com peso vespertino,0.0,5418,5418,0.0,WeightTraining,11198150637,2024-04-11T17:13:18Z,0,0,0,0,0.0,0.0,96.5,141.0,0.0,0.0,0
Treinamento com peso vespertino,0.0,4888,4888,0.0,WeightTraining,11157704804,2024-04-10T17:13:31Z,0,0,0,0,0.0,0.0,96.8,150.0,0.0,0.0,0
Treinamento com peso vespertino,0.0,3968,3968,0.0,WeightTraining,11157704781,2024-04-09T17:10:46Z,0,0,0,0,0.0,0.0,97.8,136.0,0.0,0.0,0
Treinamento com peso ao entardecer,0.0,3882,3882,0.0,WeightTraining,11157704796,2024-04-08T18:02:33Z,0,0,0,0,0.0,0.0,98.4,147.0,0.0,0.0,0
Simulador de escada vespertino,0.0,3619,3619,0.0,StairStepper,11157704776,2024-04-05T17:18:11Z,0,1,0,0,0.0,0.0,136.4,171.0,0.0,0.0,0
Treinamento com peso vespertino,0.0,5037,5037,0.0,WeightTraining,11157704887,2024-04-04T17:11:28Z,0,0,0,0,0.0,0.0,94.8,137.0,0.0,0.0,0
Treinamento com peso vespertino,0.0,768,768,0.0,WeightTraining,11157704700,2024-04-03T17:49:11Z,0,0,0,0,0.0,0.0,137.3,153.0,0.0,0.0,0
Simulador de escada vespertino,0.0,1547,1547,0.0,StairStepper,11157704731,2024-04-03T17:21:02Z,0,0,0,0,0.0,0.0,159.8,176.0,0.0,0.0,0
Treinamento com peso vespertino,0.0,4442,4442,0.0,WeightTraining,11096640566,2024-04-02T17:16:11Z,0,1,0,0,0.0,0.0,95.6,131.0,0.0,0.0,0
Treinamento com peso vespertino,0.0,6375,6375,0.0,WeightTraining,11096640703,2024-04-01T17:25:35Z,0,2,0,0,0.0,0.0,94.9,141.0,0.0,0.0,0
Treinamento com peso matinal,0.0,5814,5814,0.0,WeightTraining,11096640686,2024-03-16T09:22:46Z,0,0,0,0,0.0,0.0,107.5,142.0,0.0,0.0,0
Corrida ao entardecer,5008.8,2244,2298,43.7,Run,11096640741,2024-03-15T18:23:18Z,0,0,0,0,2.232,3.769,140.3,168.0,845.7,802.4,0
Treinamento com peso vespertino,0.0,5941,5941,0.0,WeightTraining,11096640700,2024-03-14T17:23:55Z,0,0,0,0,0.0,0.0,103.0,154.0,0.0,0.0,0
Corrida ao entardecer,2172.3,867,894,31.3,Run,10954242440,2024-03-13T19:18:37Z,0,3,0,0,2.506,3.53,99.6,110.0,808.6,786.1,0
Treinamento com peso vespertino,0.0,6491,6491,0.0,WeightTraining,10954042172,2024-03-12T17:23:45Z,0,0,0,0,0.0,0.0,99.3,146.0,0.0,0.0,0
Corrida ao entardecer,7004.0,2976,3029,57.2,Run,10939494262,2024-03-11T18:21:09Z,0,3,0,0,2.353,4.373,148.0,173.0,842.9,786.1,0
Treinamento com peso matinal,0.0,4532,4532,0.0,WeightTraining,10939177862,2024-03-09T08:50:42Z,0,0,0,0,0.0,0.0,95.0,142.0,0.0,0.0,0
Treinamento com peso vespertino,0.0,5277,5277,0.0,WeightTraining,10939177907,2024-03-07T17:17:02Z,0,0,0,0,0.0,0.0,96.9,149.0,0.0,0.0,0
Treinamento com peso vespertino,0.0,4893,4893,0.0,WeightTraining,10939177945,2024-03-05T17:19:07Z,0,0,0,0,0.0,0.0,97.1,146.0,0.0,0.0,0
All limits - Hi limits ü§òüèºüò¨,10067.2,4074,4098,250.9,Run,10880643934,2024-03-03T08:03:49Z,0,5,0,0,2.471,7.608,166.6,186.0,1422.0,1319.1,0
Corrida ao entardecer,7034.7,2747,2760,38.5,Run,10870414840,2024-03-01T18:20:14Z,1,4,0,0,2.561,4.366,147.7,168.0,815.0,787.2,1
Treino vespertino,0.0,2433,2433,0.0,Workout,10870414786,2024-03-01T17:15:05Z,0,0,0,0,0.0,0.0,73.6,94.0,0.0,0.0,0
Treinamento com peso vespertino,0.0,6726,6726,0.0,WeightTraining,10870414817,2024-02-29T17:11:42Z,0,1,0,0,0.0,0.0,105.0,182.0,0.0,0.0,0
Fartlek ‚úäüèº,8037.6,3229,3289,66.5,Run,10857760171,2024-02-28T18:11:27Z,0,5,0,0,2.489,4.083,152.9,179.0,845.0,787.2,0
Treino vespertino,0.0,3001,3001,0.0,Workout,10850931327,2024-02-27T17:29:02Z,0,4,0,0,0.0,0.0,78.2,151.0,0.0,0.0,0
Regenerando ‚Ä¶,5014.4,2365,2383,28.5,Run,10843714800,2024-02-26T18:18:42Z,0,4,0,0,2.12,3.225,154.5,188.0,815.2,786.1,0
A primeira meia a gente n√£o esquece üí™üèΩüí™üèΩ,21096.7,7487,7501,14.4,Run,10833577774,2024-02-25T07:02:35Z,75,13,2,0,2.818,4.634,172.7,183.0,809.9,806.1,39
Corrida da tarde,6014.5,2591,2616,56.6,Run,10822523245,2024-02-23T17:12:59Z,0,1,0,0,2.321,3.138,158.1,189.0,845.3,790.6,0
10 km,12054.4,4417,4520,78.8,Run,10810344444,2024-02-21T17:15:44Z,3,1,0,0,2.729,4.358,115.1,180.0,844.9,776.1,0
Treinamento com peso vespertino,0.0,5880,5880,0.0,WeightTraining,10810344352,2024-02-20T17:16:22Z,0,0,0,0,0.0,0.0,95.7,165.0,0.0,0.0,0
Regenerativo,5020.1,2138,2146,29.7,Run,10796503153,2024-02-19T18:18:28Z,0,4,0,0,2.348,3.456,140.1,172.0,814.8,786.1,0
21 km - Rodagem,21016.7,8529,8628,187.3,Run,10785930244,2024-02-18T05:57:52Z,4,6,0,0,2.464,4.735,142.4,161.0,879.1,776.0,2
Corrida da tarde,9745.4,3881,4091,50.1,Run,10775589302,2024-02-16T17:12:53Z,1,1,0,0,2.511,4.641,145.4,176.0,845.4,812.5,1
Treinamento com peso vespertino,0.0,4056,4056,0.0,WeightTraining,10775213428,2024-02-15T17:11:05Z,0,0,0,0,0.0,0.0,95.1,153.0,0.0,0.0,0
10km üí®,13064.0,4792,4967,82.0,Run,10763167433,2024-02-14T17:19:03Z,6,3,0,0,2.726,4.365,167.3,185.0,845.4,777.2,5
Regenerativo,5057.3,2311,2348,26.6,Run,10749631219,2024-02-12T17:48:54Z,0,1,0,0,2.188,3.029,161.7,177.0,835.0,794.6,0
18 km tranquilinho,18051.5,6877,7260,157.3,Run,10739560541,2024-02-11T06:08:40Z,5,2,0,0,2.625,4.593,162.1,179.0,880.6,776.1,1
Treinamento com peso ao entardecer,0.0,2029,2029,0.0,WeightTraining,10729878887,2024-02-09T18:45:39Z,0,0,0,0,0.0,0.0,110.1,139.0,0.0,0.0,0
Tiros de 200m com eleva√ß√£o üò∞üí™üèΩ,8068.9,3931,4246,175.5,Run,10729879163,2024-02-09T17:24:28Z,0,1,0,0,2.053,4.169,135.8,177.0,867.2,813.6,0
Treinamento com peso vespertino,0.0,4744,4744,0.0,WeightTraining,10729360723,2024-02-08T17:14:04Z,0,0,0,0,0.0,0.0,100.7,160.0,0.0,0.0,0
8 tiros 800 m e com chuvaaa üåßüåß,11048.2,4524,4775,73.8,Run,10718073868,2024-02-07T17:19:31Z,1,5,0,0,2.442,3.801,141.5,180.0,850.0,811.2,0
Treinamento com peso vespertino,0.0,6246,6246,0.0,WeightTraining,10717085773,2024-02-06T17:13:17Z,0,0,0,0,0.0,0.0,96.7,157.0,0.0,0.0,0
Regenerativo,7027.5,3080,3146,68.9,Run,10703731422,2024-02-05T17:18:16Z,0,4,0,0,2.282,4.028,142.9,164.0,856.6,789.6,0
Fartlek 11km üèÉüèº‚Äç‚ôÄÔ∏èüèÉüèº‚Äç‚ôÄÔ∏è,11087.3,4319,4377,72.1,Run,10692577966,2024-02-04T05:30:37Z,0,6,0,0,2.567,4.059,155.2,177.0,854.3,780.2,0
Tiros 1km,7823.6,2967,3203,20.2,Run,10683342808,2024-02-02T17:52:33Z,5,2,0,0,2.637,4.251,157.1,181.0,816.2,811.7,1
Corrida da tarde,1019.7,493,500,17.7,Run,10683342648,2024-02-02T17:42:33Z,0,1,0,0,2.068,2.87,141.8,164.0,831.6,813.2,0
Treinamento com peso vespertino,0.0,5420,5420,0.0,WeightTraining,10682806229,2024-02-01T17:15:15Z,0,0,0,0,0.0,0.0,101.0,171.0,0.0,0.0,0
Corrida da tarde,9026.5,3568,3636,74.7,Run,10670386527,2024-01-31T17:16:45Z,0,2,0,0,2.53,4.878,154.8,178.0,848.3,786.1,0
Treinamento com peso vespertino,0.0,3949,3949,0.0,WeightTraining,10667110385,2024-01-30T17:14:49Z,0,0,0,0,0.0,0.0,96.5,170.0,0.0,0.0,0
Regenerativo,6000.0,2870,2870,0.0,Run,10659480986,2024-01-29T17:32:58Z,0,1,0,0,2.091,0.0,141.8,169.0,0.0,0.0,0
Volta de Ascens√£o ü•µ,8731.3,3793,3880,191.3,Run,10646396267,2024-01-28T08:15:27Z,1,6,0,0,2.302,3.405,159.9,178.0,912.4,769.8,0
Ida √° Ascens√£o,8703.7,3859,4056,167.9,Run,10646396264,2024-01-28T06:46:02Z,0,3,0,0,2.255,3.332,149.1,176.0,912.4,769.8,0
Treinamento com peso matinal,0.0,5503,5503,0.0,WeightTraining,10644779791,2024-01-27T09:05:00Z,0,1,0,0,0.0,0.0,103.2,165.0,0.0,0.0,0
Tiros de 500 m ü•µ,6013.8,2339,2615,16.3,Run,10635453036,2024-01-26T17:52:48Z,0,5,0,0,2.571,4.279,143.2,182.0,816.1,812.6,0
Corrida da tarde,510.0,155,155,0.0,Run,10635259271,2024-01-26T17:43:17Z,0,2,0,0,3.29,0.0,106.6,117.0,0.0,0.0,0
Corrida da tarde,500.0,180,180,0.0,Run,10635259269,2024-01-26T17:37:46Z,0,1,0,0,2.778,0.0,146.8,175.0,0.0,0.0,0
Corrida da tarde,2020.0,945,945,0.0,Run,10635259293,2024-01-26T17:20:29Z,0,1,0,0,2.138,0.0,148.7,163.0,0.0,0.0,0
Treinamento com peso vespertino,0.0,4143,4143,0.0,WeightTraining,10630058143,2024-01-25T17:14:10Z,0,0,0,0,0.0,0.0,106.9,170.0,0.0,0.0,0
Tiros de 100 m ü•µ,7759.3,3663,3960,88.4,Run,10623144299,2024-01-24T17:32:36Z,0,5,0,0,2.118,11.324,136.2,172.0,845.4,812.1,0
Treinamento com peso vespertino,0.0,4215,4215,0.0,WeightTraining,10622749596,2024-01-23T17:34:38Z,0,0,0,0,0.0,0.0,102.0,167.0,0.0,0.0,0
Regenerativo,7039.3,3323,3384,76.7,Run,10609747308,2024-01-22T17:16:27Z,0,1,0,0,2.118,3.003,142.5,160.0,864.9,786.1,0
Manh√£ de tiros ü§©,10241.2,4428,4532,57.1,Run,10599442461,2024-01-21T05:51:24Z,0,5,0,0,2.313,4.54,146.3,175.0,845.4,812.3,0
Treinamento com peso matinal,0.0,8162,8162,0.0,WeightTraining,10598973268,2024-01-20T09:33:22Z,0,2,0,0,0.0,0.0,96.4,151.0,0.0,0.0,0
Corrida ao entardecer,9040.8,3599,3676,58.0,Run,10590692291,2024-01-19T18:15:51Z,1,4,0,0,2.512,4.667,159.2,178.0,845.4,784.9,0
Treinamento com peso vespertino,0.0,3671,3671,0.0,WeightTraining,10590412220,2024-01-18T17:48:30Z,0,1,0,0,0.0,0.0,97.7,152.0,0.0,0.0,0
Corrida ao entardecer,10048.2,4130,4213,86.7,Run,10578901020,2024-01-17T18:26:45Z,0,6,0,0,2.433,3.751,153.6,182.0,864.9,782.3,0
Treinamento com peso vespertino,0.0,4810,4810,0.0,WeightTraining,10578384254,2024-01-16T17:56:59Z,0,1,0,0,0.0,0.0,100.5,148.0,0.0,0.0,0
Bug do Strava üòÇ,5023.4,1627,2280,60.8,Run,10565924123,2024-01-15T18:19:47Z,0,3,0,0,3.088,11.783,137.2,155.0,864.9,806.7,0
Longuinho da semana,16046.1,6063,6146,122.4,Run,10555515551,2024-01-14T05:35:52Z,2,9,0,0,2.647,4.828,157.8,175.0,841.6,776.1,1
Treinamento com peso matinal,0.0,5058,5058,0.0,WeightTraining,10550506452,2024-01-13T08:44:34Z,0,3,0,0,0.0,0.0,104.9,165.0,0.0,0.0,0
Corrida ao entardecer,969.1,620,810,0.0,Run,10546135053,2024-01-12T18:36:50Z,0,3,0,0,1.563,2.652,138.8,154.0,816.1,812.5,0
Treino de tiro üî´üîùüèÉüèº‚Äç‚ôÄÔ∏è,6479.1,2376,2664,21.3,Run,10545977524,2024-01-12T17:51:44Z,5,3,0,0,2.727,4.551,149.9,182.0,820.5,811.5,2
Treinamento com peso vespertino,0.0,5023,5023,0.0,WeightTraining,10545740677,2024-01-11T17:43:46Z,0,1,0,0,0.0,0.0,114.8,172.0,0.0,0.0,0
Desaquecimento,528.9,346,351,3.4,Run,10533862695,2024-01-10T18:59:36Z,0,1,0,0,1.529,2.872,132.3,145.0,812.9,808.7,0
Fartlek,10064.8,3941,4037,87.3,Run,10533862894,2024-01-10T17:51:39Z,1,2,0,0,2.554,4.527,144.5,180.0,864.9,777.9,1
Treinamento com peso vespertino,0.0,4147,4147,0.0,WeightTraining,10533482534,2024-01-09T17:51:23Z,0,1,0,0,0.0,0.0,100.8,170.0,0.0,0.0,0
Regenerativo,7027.8,3172,3195,59.4,Run,10520868452,2024-01-08T17:46:35Z,0,4,0,0,2.216,3.433,149.7,165.0,845.4,786.1,0
Treino 1 - 500 m,500.0,863,863,0.0,Swim,10512100067,2024-01-07T08:35:07Z,0,3,0,0,0.579,0.0,,,0.0,0.0,0
Finalizando o longuinho,1021.9,453,460,15.8,Run,10510522900,2024-01-07T07:59:54Z,0,2,0,0,2.256,2.962,154.0,162.0,811.3,794.8,0
Dia de longuinho,14119.2,5515,6115,95.4,Run,10510525233,2024-01-07T06:12:53Z,5,6,0,0,2.56,11.375,154.3,173.0,826.6,787.2,1
Treinamento com peso matinal,0.0,5396,5396,0.0,WeightTraining,10509776874,2024-01-06T08:44:37Z,0,1,0,0,0.0,0.0,116.4,162.0,0.0,0.0,0
Bug do Strava üòí,6131.2,2077,3250,81.9,Run,10501133714,2024-01-05T17:53:34Z,2,2,0,0,2.952,10.945,143.6,175.0,842.2,812.5,2
Treinamento com peso vespertino,0.0,5295,5295,0.0,WeightTraining,10500838084,2024-01-04T17:52:17Z,0,1,0,0,0.0,0.0,105.7,160.0,0.0,0.0,0
Corrida ao entardecer,1006.8,526,537,13.3,Run,10488622779,2024-01-03T18:26:16Z,0,1,0,0,1.914,2.927,150.2,164.0,801.1,787.2,0
Bug do Strava üòü,5497.6,1477,2434,34.0,Run,10488622873,2024-01-03T17:45:21Z,1,3,0,0,3.722,10.914,157.3,178.0,845.3,790.3,1
Corrida ao entardecer,2150.0,935,935,0.0,Run,10488288861,2024-01-02T18:46:33Z,0,1,0,0,2.299,0.0,145.3,165.0,0.0,0.0,0
Treinamento com peso vespertino,0.0,3267,3267,0.0,WeightTraining,10488288899,2024-01-02T17:51:42Z,0,1,0,0,0.0,0.0,98.1,131.0,0.0,0.0,0
Corrida ao entardecer,935.4,434,512,15.4,Run,10447331564,2023-12-27T18:21:19Z,0,0,0,0,2.155,7.619,159.7,169.0,803.6,787.6,0
Bug do Strava üßê,6063.2,2136,2363,37.8,Run,10447331686,2023-12-27T17:41:26Z,2,1,0,0,2.839,11.398,153.3,177.0,848.9,784.9,1
Treinamento com peso vespertino,0.0,5217,5217,0.0,WeightTraining,10442176856,2023-12-26T17:54:27Z,0,0,0,0,0.0,0.0,100.9,143.0,0.0,0.0,0
1 km Desaquecimento,1005.5,711,722,10.5,Run,10436403501,2023-12-25T18:42:02Z,0,0,0,0,1.414,2.797,121.6,142.0,824.2,812.5,0
2km Aquecimento + 4 km run,6041.5,2337,2364,27.6,Run,10436403567,2023-12-25T18:01:15Z,0,1,0,0,2.585,4.185,161.9,181.0,831.8,802.0,0
Corrida ao entardecer,7273.9,3096,3147,58.1,Run,10421769321,2023-12-22T18:16:49Z,1,3,0,0,2.349,5.082,151.9,169.0,842.1,787.5,0
Treinamento com peso vespertino,0.0,3896,3896,0.0,WeightTraining,10419697879,2023-12-21T17:27:11Z,0,0,0,0,0.0,0.0,108.2,178.0,0.0,0.0,0
Aquecimento + 5km + Desaquecimento,6059.7,2322,2344,53.0,Run,10412024907,2023-12-20T18:00:30Z,0,1,0,0,2.61,4.155,100.4,126.0,845.3,786.1,0
Treinamento com peso vespertino,0.0,6978,6978,0.0,WeightTraining,10410019997,2023-12-19T17:56:48Z,0,0,0,0,0.0,0.0,108.1,155.0,0.0,0.0,0
Aquecimento + 4km + Desaquecimento,5046.1,2061,2110,29.8,Run,10401761448,2023-12-18T18:12:41Z,0,3,0,0,2.448,3.959,143.9,167.0,814.8,786.1,0
Aquecimento + 10km + Desaquecimento,10999.2,4230,4275,79.5,Run,10393139831,2023-12-17T05:37:56Z,4,4,0,0,2.6,4.14,151.8,172.0,817.2,781.3,2
5km full,5021.1,1717,1726,29.8,Run,10385934578,2023-12-15T18:31:18Z,3,5,0,0,2.924,4.19,149.9,183.0,814.8,786.1,0
Treinamento com peso ao entardecer,0.0,4295,4295,0.0,WeightTraining,10381859022,2023-12-14T18:05:48Z,0,1,0,0,0.0,0.0,98.8,136.0,0.0,0.0,0
Aquecimento + 6km + Desaquecimento,7777.1,3314,3385,79.0,Run,10376570146,2023-12-13T18:06:00Z,2,1,0,0,2.347,5.389,151.7,176.0,864.9,786.1,0
Treinamento com peso vespertino,0.0,3828,3828,0.0,WeightTraining,10376569995,2023-12-12T17:54:49Z,0,0,0,0,0.0,0.0,94.8,128.0,0.0,0.0,0
Regenerativo,4982.6,2142,2158,30.9,Run,10376569997,2023-12-11T18:17:53Z,0,0,0,0,2.326,4.027,162.7,178.0,816.1,787.5,0
24¬™ Volta Internacional da Pampulha,18646.4,7046,7056,33.2,Run,10357863619,2023-12-10T06:36:41Z,38,12,0,0,2.643,3.943,174.4,187.0,834.3,805.8,38
Treinamento com peso vespertino,0.0,2621,2621,0.0,WeightTraining,10355188299,2023-12-07T17:43:20Z,0,1,0,0,0.0,0.0,95.6,122.0,0.0,0.0,0
Aquecimento + 10 km mantendo ritmo + Desaquecimento,12426.4,5143,5289,68.5,Run,10340438660,2023-12-06T17:53:37Z,1,3,0,0,2.416,3.716,158.7,183.0,846.1,802.0,0
Regenerativo,5016.7,2454,2476,29.5,Run,10329664127,2023-12-04T18:17:41Z,0,1,0,0,2.044,3.103,140.1,181.0,817.2,786.2,0
18 km / Sub 2 horas üèÉüèº‚Äç‚ôÄÔ∏èüèÉüèº‚Äç‚ôÄÔ∏è,13984.5,5408,5534,155.3,Run,10320729869,2023-12-03T05:18:30Z,1,4,0,0,2.586,4.356,163.9,185.0,855.0,787.7,0
Treinamento com peso matinal,0.0,2650,2650,0.0,WeightTraining,10320729121,2023-12-02T08:26:32Z,0,0,0,0,0.0,0.0,98.7,138.0,0.0,0.0,0
Aquecimento + 8km mantendo ritmo + Desaquecimento,10019.5,4068,4223,72.8,Run,10313378909,2023-12-01T18:17:20Z,2,2,0,0,2.463,4.224,156.9,185.0,846.1,781.4,0
Treinamento com peso vespertino,0.0,4022,4022,0.0,WeightTraining,10312018517,2023-11-30T17:46:00Z,0,0,0,0,0.0,0.0,98.5,140.0,0.0,0.0,0
Aquecimento + 8 X 800 M + Desaquecimento,9105.3,3666,4391,17.3,Run,10303355340,2023-11-29T18:06:08Z,2,5,0,0,2.484,4.181,148.5,190.0,817.2,811.6,1
Treinamento com peso vespertino,0.0,7091,7091,0.0,WeightTraining,10303355207,2023-11-28T16:20:31Z,0,1,0,0,0.0,0.0,109.2,156.0,0.0,0.0,0
Regenerativo,7041.3,2932,3018,79.4,Run,10292875474,2023-11-27T18:25:11Z,0,1,0,0,2.402,3.435,154.9,177.0,865.7,786.2,0
Longuinho,11186.7,4588,4913,87.1,Run,10283589029,2023-11-26T06:27:01Z,1,3,0,0,2.438,4.056,157.5,183.0,849.1,787.6,0
Corrida ao entardecer,6605.0,2991,3182,61.9,Run,10275834372,2023-11-24T18:19:29Z,0,2,0,0,2.208,5.377,151.7,178.0,840.9,808.3,0
Treinamento com peso matinal,0.0,3798,3798,0.0,WeightTraining,10267793809,2023-11-23T08:32:31Z,0,0,0,0,0.0,0.0,111.1,154.0,0.0,0.0,0
Corrida matinal,8017.4,3282,3418,44.7,Run,10261739261,2023-11-22T05:25:19Z,1,2,0,0,2.443,3.79,162.6,179.0,830.2,787.6,0
Treinamento com peso matinal,0.0,5965,5965,0.0,WeightTraining,10261718632,2023-11-21T09:46:25Z,0,0,0,0,0.0,0.0,104.5,157.0,0.0,0.0,0
Corrida ao entardecer,7000.0,3250,3250,0.0,Run,10253729408,2023-11-20T18:06:30Z,0,0,0,0,2.154,0.0,158.8,186.0,0.0,0.0,0
Treinamento com peso matinal,0.0,5626,5626,0.0,WeightTraining,10253729270,2023-11-18T08:34:21Z,0,1,0,0,0.0,0.0,96.3,145.0,0.0,0.0,0
Corrida ao entardecer,6564.6,2434,3484,42.9,Run,10236469246,2023-11-17T18:18:58Z,0,2,0,0,2.697,4.91,140.5,179.0,840.4,812.7,0
Treinamento com peso vespertino,0.0,5501,5501,0.0,WeightTraining,10236468789,2023-11-16T17:54:23Z,0,0,0,0,0.0,0.0,106.9,141.0,0.0,0.0,0
Corrida matinal,6396.6,2470,2826,41.5,Run,10221652623,2023-11-15T06:12:05Z,0,4,0,0,2.59,4.002,159.6,176.0,813.7,787.6,0
Corrida matinal,3769.4,1660,1706,41.7,Run,10221652625,2023-11-15T05:42:17Z,0,2,0,0,2.271,3.026,162.9,179.0,849.1,811.6,0
Treinamento com peso vespertino,0.0,5979,5979,0.0,WeightTraining,10220600893,2023-11-14T17:48:44Z,0,1,0,0,0.0,0.0,100.8,151.0,0.0,0.0,0
Longuinho para aquecer as pernas üöÄ,24075.4,10670,11606,121.9,Run,10205206876,2023-11-12T05:48:01Z,1,8,3,0,2.256,4.385,156.5,188.0,755.0,700.5,0
Corrida ao entardecer,10017.1,3718,3770,44.5,Run,10196084839,2023-11-10T18:33:30Z,5,5,0,0,2.694,4.248,167.9,180.0,845.5,777.6,1
Corrida ao entardecer,991.0,522,529,30.7,Run,10196084614,2023-11-10T18:22:28Z,0,2,0,0,1.898,2.905,147.8,162.0,845.4,813.4,0
Treinamento com peso vespertino,0.0,6284,6284,0.0,WeightTraining,10196084608,2023-11-09T17:45:18Z,0,1,0,0,0.0,0.0,112.9,161.0,0.0,0.0,0
Corrida da tarde,6973.3,3185,3381,69.7,Run,10185298432,2023-11-08T17:59:45Z,0,4,0,0,2.189,4.704,142.8,174.0,840.0,809.8,0
Treinamento com peso vespertino,0.0,5723,5723,0.0,WeightTraining,10185297390,2023-11-07T17:52:46Z,0,2,0,0,0.0,0.0,106.3,163.0,0.0,0.0,0
Corrida ao entardecer,7035.2,3196,3256,38.7,Run,10173856719,2023-11-06T18:19:34Z,0,0,0,0,2.201,3.944,142.7,159.0,814.6,781.5,0
Dia de tiro üöÄüöÄüöÄ,7129.4,3055,3224,45.1,Run,10163403161,2023-11-05T06:43:23Z,1,5,0,0,2.334,4.296,153.4,179.0,833.0,796.4,0
Corrida ao entardecer,10284.4,4077,4250,91.6,Run,10155415936,2023-11-03T18:15:02Z,4,4,0,0,2.523,9.933,157.5,181.0,865.7,781.4,1
Corrida da tarde,10037.0,4051,4128,86.3,Run,10144776914,2023-11-01T17:46:13Z,1,1,0,0,2.478,3.398,157.9,176.0,865.7,786.2,0
Treinamento com peso ao entardecer,0.0,4942,4942,0.0,WeightTraining,10144775326,2023-10-31T18:04:27Z,0,0,0,0,0.0,0.0,102.3,137.0,0.0,0.0,0
Corrida ao entardecer,5006.9,2496,2527,27.9,Run,10133447601,2023-10-30T18:16:45Z,0,2,0,0,2.006,3.439,159.7,183.0,815.4,786.2,0
Long√£o üèÉüèº‚Äç‚ôÄÔ∏èü´∂üèº,18113.4,7734,8309,80.2,Run,10124671850,2023-10-29T05:45:04Z,2,4,0,0,2.342,5.143,156.1,171.0,778.8,729.5,1
Treinamento com peso matinal,0.0,7796,7796,0.0,WeightTraining,10124670401,2023-10-28T09:22:09Z,0,1,0,0,0.0,0.0,99.1,150.0,0.0,0.0,0
Corrida ao entardecer,7853.6,3320,3514,13.7,Run,10115441039,2023-10-27T18:23:15Z,0,1,0,0,2.366,4.018,152.2,180.0,816.1,811.6,0
Treinamento com peso vespertino,0.0,6772,6772,0.0,WeightTraining,10115440790,2023-10-26T17:50:10Z,0,0,0,0,0.0,0.0,104.0,155.0,0.0,0.0,0
Corrida ao entardecer,4000.0,1791,1791,0.0,Run,10104769670,2023-10-25T18:29:03Z,0,2,0,0,2.233,0.0,153.8,179.0,0.0,0.0,0
Corrida da tarde,4571.2,1960,2023,44.8,Run,10104769785,2023-10-25T17:49:28Z,0,3,0,0,2.332,4.049,151.5,180.0,841.1,812.2,0
Treinamento com peso vespertino,0.0,9717,9717,0.0,WeightTraining,10104769747,2023-10-24T17:41:02Z,0,1,0,0,0.0,0.0,98.8,181.0,0.0,0.0,0
Corrida ao entardecer,7006.1,2932,2965,45.0,Run,10092706163,2023-10-23T18:16:43Z,0,5,0,0,2.39,6.975,154.4,172.0,814.6,786.2,0
Corrida Belgo Ita√∫na,4955.2,1768,1781,38.2,Run,10086845031,2023-10-22T08:05:21Z,8,4,0,0,2.782,6.997,167.9,183.0,856.7,818.2,5
Corrida ao entardecer,8000.0,3906,3906,0.0,Run,10074707547,2023-10-20T18:12:10Z,0,0,0,0,2.048,0.0,149.5,175.0,0.0,0.0,0
Treinamento com peso vespertino,0.0,6171,6171,0.0,WeightTraining,10074707522,2023-10-19T17:55:27Z,0,0,0,0,0.0,0.0,101.9,147.0,0.0,0.0,0
Corrida ao entardecer,5000.0,2320,2320,0.0,Run,10063842894,2023-10-18T18:13:33Z,0,1,0,0,2.155,0.0,155.2,181.0,0.0,0.0,0
Corrida da tarde,3017.8,1331,1372,53.0,Run,10063843161,2023-10-18T17:48:13Z,0,2,0,0,2.267,3.359,146.0,165.0,865.7,812.5,0
Treinamento com peso vespertino,0.0,6902,6902,0.0,WeightTraining,10063284404,2023-10-17T17:48:12Z,0,0,0,0,0.0,0.0,98.9,166.0,0.0,0.0,0
Corrida da tarde,13124.4,5278,5865,152.8,Run,10051631962,2023-10-16T17:46:31Z,2,4,0,0,2.487,9.366,158.5,173.0,865.7,781.4,1
Treinamento com peso matinal,0.0,7900,7900,0.0,WeightTraining,10051227242,2023-10-14T08:20:37Z,0,0,0,0,0.0,0.0,101.4,151.0,0.0,0.0,0
Corrida ao entardecer,8358.1,3466,3565,83.0,Run,10033478227,2023-10-13T18:09:21Z,0,2,0,0,2.411,3.935,152.8,183.0,865.7,786.2,0
Treino de velocidade üí™üèΩüí™üèΩ,6008.2,2655,2731,45.8,Run,10021827025,2023-10-11T17:45:07Z,0,3,0,0,2.263,5.053,150.5,178.0,846.1,812.7,0
Treinamento com peso ao entardecer,0.0,6966,6966,0.0,WeightTraining,10021492755,2023-10-10T18:04:15Z,0,0,0,0,0.0,0.0,103.2,182.0,0.0,0.0,0
Corrida ao entardecer,4469.6,2123,2298,28.0,Run,10008938181,2023-10-09T18:09:10Z,0,1,0,0,2.105,2.72,132.2,157.0,813.6,786.7,0
Corrida dois s√≥is para cada um üòÜ‚òÄÔ∏è‚òÄÔ∏è‚òÄÔ∏è,10093.3,3858,3863,107.5,Run,10000118258,2023-10-08T08:32:32Z,2,4,0,0,2.613,3.775,170.2,187.0,838.2,784.3,1
Corrida ao entardecer,6214.1,2513,2599,64.3,Run,9989884378,2023-10-06T18:22:56Z,0,1,0,0,2.473,3.703,157.3,179.0,864.9,801.9,0
Treinamento com peso vespertino,0.0,5715,5715,0.0,WeightTraining,9989558958,2023-10-05T17:47:56Z,0,0,0,0,0.0,0.0,103.1,150.0,0.0,0.0,0
Corrida ao entardecer,3248.8,1600,1686,27.8,Run,9977924197,2023-10-04T18:12:12Z,0,3,0,0,2.03,4.575,137.1,167.0,837.1,811.5,0
Corrida da tarde,1389.0,379,1247,3.5,Run,9977805276,2023-10-04T17:45:50Z,1,3,0,0,3.665,3.787,140.3,165.0,815.1,811.5,0
Treinamento com peso vespertino,0.0,6078,6078,0.0,WeightTraining,9974096849,2023-10-03T17:46:09Z,0,2,0,0,0.0,0.0,105.8,162.0,0.0,0.0,0
Corrida ao entardecer,5016.5,2272,2297,29.7,Run,9974096871,2023-10-02T18:22:06Z,0,5,0,0,2.208,2.875,148.5,179.0,816.2,786.7,0
Treino de bom dia ‚òÄÔ∏è,12023.3,5283,5528,110.2,Run,9954643223,2023-10-01T05:42:27Z,2,2,0,0,2.276,4.122,149.5,171.0,838.3,784.3,0
Treinamento com peso matinal,0.0,7512,7512,0.0,WeightTraining,9954642474,2023-09-30T08:29:46Z,0,1,0,0,0.0,0.0,96.8,142.0,0.0,0.0,0
Corrida ao entardecer,7144.0,3175,3320,49.7,Run,9945468002,2023-09-29T18:18:06Z,0,2,0,0,2.25,4.502,145.0,172.0,843.6,811.4,0
Treinamento com peso vespertino,0.0,5309,5309,0.0,WeightTraining,9942653289,2023-09-28T17:50:14Z,0,0,0,0,0.0,0.0,104.1,146.0,0.0,0.0,0
Corrida da tarde,7000.2,2984,3034,51.8,Run,9933402816,2023-09-27T17:44:32Z,0,4,0,0,2.346,4.03,158.4,180.0,844.8,801.3,0
Treinamento com peso vespertino,0.0,5335,5335,0.0,WeightTraining,9933139129,2023-09-26T17:51:59Z,0,0,0,0,0.0,0.0,113.1,146.0,0.0,0.0,0
Corrida ao entardecer,5862.9,2540,2654,18.0,Run,9920275642,2023-09-25T18:16:03Z,0,3,0,0,2.308,7.316,142.6,173.0,816.1,811.4,0
Corrida matinal,5975.9,2488,2530,30.9,Run,9910544412,2023-09-24T06:51:28Z,0,1,0,0,2.402,3.484,158.8,174.0,832.0,785.4,0
Treinamento com peso matinal,0.0,5570,5570,0.0,WeightTraining,9909726566,2023-09-23T10:18:01Z,0,0,0,0,0.0,0.0,98.4,152.0,0.0,0.0,0
Corrida ao entardecer,10009.7,3747,3818,45.8,Run,9901085666,2023-09-22T18:33:03Z,8,4,0,0,2.671,4.14,163.7,179.0,842.7,776.9,4
Corrida ao entardecer,1035.4,490,509,30.3,Run,9900866292,2023-09-22T18:23:05Z,0,2,0,0,2.113,3.206,145.2,163.0,842.9,812.1,0
Treinamento com peso vespertino,0.0,5823,5823,0.0,WeightTraining,9900670542,2023-09-21T17:47:06Z,0,0,0,0,0.0,0.0,116.4,159.0,0.0,0.0,0
Corrida da tarde,7025.6,2991,3021,47.4,Run,9889105465,2023-09-20T17:39:02Z,0,1,0,0,2.349,3.401,155.3,179.0,844.6,807.2,0
Treinamento com peso vespertino,0.0,4020,4020,0.0,WeightTraining,9888774939,2023-09-19T17:50:01Z,0,0,0,0,0.0,0.0,111.6,145.0,0.0,0.0,0
Corrida ao entardecer,895.8,397,426,0.0,Run,9876151550,2023-09-18T19:03:33Z,0,2,0,0,2.257,3.166,140.1,149.0,839.2,812.2,0
Corrida ao entardecer,178.6,58,63,5.2,Run,9876151325,2023-09-18T19:02:02Z,0,2,0,0,3.079,3.861,117.1,140.0,839.8,832.9,0
Corrida ao entardecer,178.1,57,61,5.1,Run,9876151289,2023-09-18T18:59:11Z,0,2,0,0,3.125,3.467,135.7,141.0,839.6,832.7,0
Corrida ao entardecer,186.7,62,66,5.4,Run,9876151535,2023-09-18T18:55:28Z,0,2,0,0,3.011,3.795,111.3,122.0,839.7,832.5,0
Corrida ao entardecer,183.2,60,65,5.3,Run,9876151539,2023-09-18T18:52:31Z,0,2,0,0,3.053,3.413,143.4,153.0,839.8,832.7,0
Corrida ao entardecer,178.5,61,66,5.1,Run,9876151288,2023-09-18T18:49:24Z,0,2,0,0,2.927,3.495,143.1,148.0,839.8,832.9,0
Corrida ao entardecer,187.5,62,62,5.5,Run,9876151300,2023-09-18T18:46:16Z,0,2,0,0,3.025,3.776,134.6,140.0,839.8,832.5,0
Corrida ao entardecer,186.6,58,64,5.5,Run,9876032759,2023-09-18T18:42:57Z,0,2,0,0,3.217,3.484,148.9,158.0,839.4,832.2,0
Corrida ao entardecer,195.6,66,66,5.7,Run,9876032756,2023-09-18T18:39:54Z,0,2,0,0,2.963,4.122,132.0,146.0,839.4,832.0,0
Corrida ao entardecer,2919.4,1390,1394,25.7,Run,9876032832,2023-09-18T18:16:15Z,0,2,0,0,2.1,3.367,145.6,159.0,832.1,807.5,0
Morning Run,10110.8,3814,4178,79.8,Run,9866204900,2023-09-17T06:36:09Z,3,1,0,0,2.651,9.695,168.1,181.0,832.9,781.5,1
Treinamento com peso matinal,0.0,11458,11458,0.0,WeightTraining,9865469169,2023-09-16T08:25:29Z,0,0,0,0,0.0,0.0,96.3,145.0,0.0,0.0,0
Treinamento com peso vespertino,0.0,4134,4134,0.0,WeightTraining,9865468986,2023-09-14T17:46:36Z,0,0,0,0,0.0,0.0,103.1,135.0,0.0,0.0,0
Corrida ao entardecer,198.6,65,68,5.6,Run,9844089185,2023-09-13T18:41:44Z,0,0,0,0,3.055,3.902,140.1,144.0,839.4,832.1,0
Corrida ao entardecer,198.3,64,68,5.5,Run,9844089137,2023-09-13T18:38:12Z,0,0,0,0,3.099,3.749,158.7,170.0,839.2,832.0,0
Corrida ao entardecer,199.2,63,67,5.4,Run,9844089201,2023-09-13T18:34:54Z,0,0,0,0,3.161,3.524,128.7,140.0,839.4,832.1,0
Corrida ao entardecer,198.7,64,68,5.5,Run,9844089140,2023-09-13T18:31:29Z,0,0,0,0,3.105,3.754,151.8,158.0,839.4,832.1,0
Corrida ao entardecer,195.7,63,67,5.4,Run,9844089194,2023-09-13T18:28:17Z,0,0,0,0,3.106,3.763,152.6,166.0,839.4,832.2,0
Corrida ao entardecer,193.0,63,68,5.2,Run,9844089136,2023-09-13T18:24:59Z,0,0,0,0,3.063,4.194,156.8,168.0,839.5,832.5,0
Corrida ao entardecer,199.5,65,68,5.5,Run,9844089195,2023-09-13T18:21:38Z,0,0,0,0,3.069,3.744,151.5,169.0,839.5,832.2,0
Corrida ao entardecer,200.3,66,66,5.5,Run,9844089147,2023-09-13T18:18:23Z,0,0,0,0,3.034,4.049,132.9,145.0,839.3,832.0,0
Corrida ao entardecer,203.2,60,65,5.7,Run,9844089139,2023-09-13T18:15:08Z,0,0,0,0,3.387,4.155,148.2,165.0,839.6,832.2,0
Corrida ao entardecer,203.9,61,61,5.6,Run,9843970489,2023-09-13T18:11:55Z,0,0,0,0,3.342,4.37,123.2,129.0,839.6,832.1,0
Corrida da tarde,3403.6,1429,1464,14.0,Run,9843970527,2023-09-13T17:40:36Z,0,1,0,0,2.382,3.371,149.6,168.0,813.8,801.3,0
Treinamento com peso vespertino,0.0,5211,5211,0.0,WeightTraining,9843789589,2023-09-12T17:52:07Z,0,0,0,0,0.0,0.0,109.3,145.0,0.0,0.0,0
Corrida ao entardecer,727.4,272,276,11.8,Run,9830727308,2023-09-11T18:53:45Z,0,1,0,0,2.674,3.62,162.5,174.0,806.5,793.5,0
Corrida ao entardecer,5347.0,2105,2109,19.6,Run,9830679300,2023-09-11T18:17:20Z,3,1,0,0,2.54,3.829,161.3,174.0,813.6,780.5,0
Treinamento com peso matinal,0.0,7879,7879,0.0,WeightTraining,9825214154,2023-09-09T08:29:29Z,0,1,0,0,0.0,0.0,90.3,151.0,0.0,0.0,0
Corrida da tarde,7037.7,2670,2803,61.9,Run,9798122140,2023-09-06T17:49:49Z,3,0,0,0,2.636,3.507,165.2,178.0,845.0,785.4,1
Treinamento com peso vespertino,0.0,6673,6673,0.0,WeightTraining,9797910443,2023-09-05T17:53:02Z,0,0,0,0,0.0,0.0,110.2,157.0,0.0,0.0,0
Corrida ao entardecer,5011.8,2165,2194,29.2,Run,9784576152,2023-09-04T18:10:41Z,0,2,0,0,2.315,3.541,148.6,168.0,813.6,785.4,0
7‚Ä¢ Mais Sa√∫de Panel√£o,4763.5,1659,1677,16.1,Run,9776807097,2023-09-03T09:01:14Z,5,4,0,0,2.871,4.432,166.7,187.0,791.4,775.1,3
Corrida ao entardecer,9832.1,4356,4513,46.1,Run,9764634938,2023-09-01T18:24:00Z,0,1,0,0,2.257,3.378,143.2,162.0,813.6,775.1,0
Treinamento com peso ao entardecer,0.0,4384,4384,0.0,WeightTraining,9764234398,2023-08-31T18:02:40Z,0,1,0,0,0.0,0.0,100.1,139.0,0.0,0.0,0
Corrida da tarde,5780.0,2384,2384,0.0,Run,9752156419,2023-08-30T17:45:20Z,0,1,0,0,2.424,0.0,127.5,181.0,0.0,0.0,0
1‚Ä¢ Corrida AABB,5056.5,1749,1754,28.9,Run,9729959742,2023-08-27T07:30:52Z,7,2,0,0,2.883,4.209,131.7,184.0,813.6,786.7,1
Corrida ao entardecer,4996.5,1970,1988,27.9,Run,9720471505,2023-08-25T18:23:16Z,0,1,0,0,2.536,3.593,165.0,188.0,813.6,786.7,0
Treinamento com peso vespertino,0.0,5565,5565,0.0,WeightTraining,9719626698,2023-08-24T17:56:09Z,0,1,0,0,0.0,0.0,121.6,162.0,0.0,0.0,0
Corrida da tarde,5048.4,1889,2001,29.2,Run,9708289588,2023-08-23T17:52:50Z,0,1,0,0,2.673,3.798,147.0,178.0,813.6,785.4,0
Caminhada vespertina,1008.6,482,482,12.7,Walk,9708074431,2023-08-23T17:44:15Z,0,1,0,0,2.092,2.795,161.8,176.0,824.9,811.4,0
Treinamento com peso vespertino,0.0,5689,5689,0.0,WeightTraining,9708014691,2023-08-22T17:46:45Z,0,1,0,0,0.0,0.0,108.7,146.0,0.0,0.0,0
Corrida matinal,5043.3,1716,1727,27.9,Run,9684797879,2023-08-20T07:44:42Z,5,3,0,0,2.939,4.095,151.8,184.0,813.6,786.7,4
Corrida ao entardecer,3769.1,1805,1822,20.9,Run,9675213337,2023-08-18T18:19:41Z,0,1,0,0,2.088,2.985,123.1,153.0,813.6,793.3,0
Treinamento com peso vespertino,0.0,5926,5926,0.0,WeightTraining,9672708670,2023-08-17T17:49:20Z,0,1,0,0,0.0,0.0,109.0,157.0,0.0,0.0,0
Corrida da tarde,6040.0,2341,2457,41.7,Run,9662357343,2023-08-16T17:45:05Z,2,2,0,0,2.58,3.849,162.4,185.0,824.7,785.4,0
Treinamento com peso vespertino,0.0,5688,5688,0.0,WeightTraining,9662045106,2023-08-15T17:42:14Z,0,1,0,0,0.0,0.0,104.5,152.0,0.0,0.0,0
Corrida ao entardecer,5018.0,1855,1907,25.9,Run,9648450110,2023-08-14T18:25:09Z,0,1,0,0,2.705,6.331,166.1,177.0,812.7,786.7,0
Corrida ao entardecer,1018.3,454,454,12.6,Run,9648268224,2023-08-14T18:16:58Z,0,1,0,0,2.243,2.778,114.2,141.0,824.9,811.5,0
Treinamento com peso matinal,0.0,5779,5779,0.0,WeightTraining,9632936803,2023-08-12T09:28:19Z,0,0,0,0,0.0,0.0,97.6,142.0,0.0,0.0,0
Corrida ao entardecer,15069.2,6375,6732,135.2,Run,9629195686,2023-08-11T18:21:05Z,4,3,0,0,2.364,7.355,157.6,177.0,864.9,775.3,3
Treinamento com peso vespertino,0.0,6607,6607,0.0,WeightTraining,9628646623,2023-08-10T17:46:56Z,0,0,0,0,0.0,0.0,116.8,162.0,0.0,0.0,0
Treino 36/41 üí™üèΩ,8081.7,3185,3354,63.6,Run,9618873294,2023-08-09T17:45:25Z,1,2,0,0,2.537,4.022,164.9,184.0,844.8,785.4,0
Treinamento com peso vespertino,0.0,6897,6897,0.0,WeightTraining,9616657286,2023-08-08T17:47:02Z,0,1,0,0,0.0,0.0,109.9,152.0,0.0,0.0,0
Corrida ao entardecer,5013.3,2316,2328,39.5,Run,9616658871,2023-08-07T18:20:09Z,0,0,0,0,2.165,2.939,142.9,155.0,825.3,787.9,0
2‚Ä¢ Corrida da Sa√∫de Ita√∫na ,6165.1,2298,2311,40.6,Run,9593500702,2023-08-06T08:38:04Z,3,6,0,0,2.668,3.767,114.7,183.0,857.5,814.0,1
Treinamento com peso matinal,0.0,8328,8328,0.0,WeightTraining,9592531559,2023-08-05T08:15:10Z,0,1,0,0,0.0,0.0,87.0,127.0,0.0,0.0,0
Treino matinal,0.0,1923,1923,0.0,Workout,9592531291,2023-08-05T07:09:01Z,0,1,0,0,0.0,0.0,144.5,190.0,0.0,0.0,0
Corrida ao entardecer,7003.6,2808,2848,50.7,Run,9583933943,2023-08-04T18:20:59Z,1,1,0,0,2.494,4.196,160.4,181.0,822.6,786.7,0
Treinamento com peso vespertino,0.0,6844,6844,0.0,WeightTraining,9583701713,2023-08-03T17:57:57Z,0,1,0,0,0.0,0.0,109.7,158.0,0.0,0.0,0
Corrida ao entardecer,801.9,279,284,2.4,Run,9571618704,2023-08-02T18:38:48Z,0,0,0,0,2.874,3.487,160.0,179.0,814.0,811.1,0
Corrida ao entardecer,785.5,261,265,2.1,Run,9571618706,2023-08-02T18:32:11Z,0,0,0,0,3.01,3.707,159.2,182.0,814.6,811.5,0
Corrida ao entardecer,555.9,188,193,2.2,Run,9571618714,2023-08-02T18:26:43Z,0,0,0,0,2.957,3.616,164.2,174.0,813.7,811.1,0
Corrida ao entardecer,235.2,78,81,0.0,Run,9571618698,2023-08-02T18:24:52Z,0,0,0,0,3.015,4.143,148.1,168.0,812.7,810.9,0
Corrida ao entardecer,787.4,259,262,2.1,Run,9571550512,2023-08-02T18:18:56Z,0,0,0,0,3.04,3.537,123.2,138.0,814.7,811.5,0
Corrida ao entardecer,816.0,281,292,2.3,Run,9571550517,2023-08-02T18:11:09Z,0,0,0,0,2.904,3.457,152.0,166.0,813.9,811.0,0
Corrida ao entardecer,784.2,259,263,2.1,Run,9571550505,2023-08-02T18:05:14Z,0,0,0,0,3.028,3.94,139.1,161.0,814.6,811.5,0
Corrida da tarde,785.1,259,262,2.3,Run,9571550504,2023-08-02T17:58:40Z,1,0,0,0,3.031,3.866,124.7,138.0,813.9,811.1,1
Corrida da tarde,800.1,248,257,2.1,Run,9571550507,2023-08-02T17:52:11Z,0,0,0,0,3.226,4.231,133.2,148.0,814.8,811.5,0
Corrida da tarde,999.1,441,467,19.8,Run,9571431511,2023-08-02T17:41:32Z,0,0,0,0,2.265,4.249,143.9,158.0,831.8,811.4,0
Treinamento com peso vespertino,0.0,5876,5876,0.0,WeightTraining,9571357157,2023-08-01T17:42:06Z,0,0,0,0,0.0,0.0,105.7,159.0,0.0,0.0,0
Corrida ao entardecer,263.6,77,82,0.0,Run,9558541807,2023-07-31T18:58:51Z,0,0,0,0,3.423,4.35,154.2,171.0,812.7,811.1,0
Corrida ao entardecer,263.5,85,90,0.0,Run,9558541810,2023-07-31T18:56:29Z,0,0,0,0,3.1,4.107,153.4,155.0,812.7,811.1,0
Corrida ao entardecer,278.5,86,86,0.0,Run,9558469331,2023-07-31T18:54:14Z,0,0,0,0,3.238,3.906,155.4,173.0,812.7,811.1,0
Corrida ao entardecer,272.8,91,91,0.0,Run,9558469247,2023-07-31T18:51:30Z,0,0,0,0,2.998,3.823,149.7,161.0,812.7,811.1,0
Corrida ao entardecer,269.6,82,86,0.0,Run,9558469258,2023-07-31T18:48:59Z,0,0,0,0,3.288,4.213,146.7,153.0,812.7,811.1,0
Corrida ao entardecer,273.2,89,89,0.0,Run,9558469254,2023-07-31T18:46:36Z,0,0,0,0,3.07,3.733,151.2,166.0,812.7,811.1,0
Corrida ao entardecer,264.4,76,80,0.0,Run,9558469342,2023-07-31T18:44:10Z,0,0,0,0,3.479,4.851,144.1,153.0,812.7,811.1,0
Corrida ao entardecer,243.2,57,89,0.0,Run,9558469341,2023-07-31T18:41:48Z,0,0,0,0,4.267,11.796,155.6,172.0,812.7,811.1,0
Corrida ao entardecer,269.2,78,82,0.0,Run,9558469325,2023-07-31T18:39:38Z,0,0,0,0,3.452,4.644,123.6,131.0,812.7,811.1,0
Corrida ao entardecer,261.3,81,86,0.0,Run,9558469335,2023-07-31T18:37:00Z,0,0,0,0,3.226,4.668,142.3,149.0,812.7,811.1,0
Corrida ao entardecer,275.9,79,79,0.0,Run,9558469332,2023-07-31T18:34:42Z,0,0,0,0,3.492,6.991,118.2,128.0,812.7,811.1,0
Corrida ao entardecer,256.4,73,78,0.0,Run,9558469336,2023-07-31T18:32:18Z,0,0,0,0,3.512,5.03,129.3,136.0,812.7,811.1,0
Corrida ao entardecer,267.2,72,75,0.0,Run,9558469281,2023-07-31T18:29:42Z,0,0,0,0,3.71,4.646,122.8,127.0,813.6,811.6,0
Corrida ao entardecer,263.8,71,75,0.0,Run,9558469337,2023-07-31T18:27:13Z,0,0,0,0,3.716,4.713,116.3,133.0,812.7,811.1,0
Corrida ao entardecer,266.1,70,74,0.0,Run,9558469330,2023-07-31T18:24:49Z,0,0,0,0,3.801,5.031,117.7,130.0,812.7,811.1,0
Corrida ao entardecer,966.0,407,412,2.1,Run,9558352281,2023-07-31T18:17:11Z,0,0,0,0,2.373,4.014,117.2,125.0,813.6,811.1,0
Treinamento com peso matinal,0.0,7293,7293,0.0,WeightTraining,9558208416,2023-07-29T09:17:30Z,0,0,0,0,0.0,0.0,106.1,175.0,0.0,0.0,0
Corrida da tarde,10060.5,4339,4460,92.2,Run,9540167953,2023-07-28T17:53:33Z,0,1,0,0,2.319,3.36,150.4,168.0,864.9,780.5,0
Corrida da tarde,1019.1,438,442,4.5,Run,9540167846,2023-07-28T17:45:50Z,0,1,0,0,2.327,2.907,136.2,162.0,816.1,811.3,0
Treinamento com peso vespertino,0.0,7344,7344,0.0,WeightTraining,9539395426,2023-07-27T17:47:29Z,0,0,0,0,0.0,0.0,108.5,164.0,0.0,0.0,0
Corrida da tarde,9020.7,3516,3675,58.0,Run,9527923038,2023-07-26T17:44:31Z,0,3,0,0,2.566,7.029,159.0,172.0,844.8,801.3,0
Treinamento com peso vespertino,0.0,4205,4205,0.0,WeightTraining,9526001881,2023-07-25T17:49:50Z,0,0,0,0,0.0,0.0,101.4,140.0,0.0,0.0,0
Corrida ao entardecer,6014.2,2349,2381,40.7,Run,9514868086,2023-07-24T18:15:45Z,2,1,0,0,2.56,4.391,158.4,176.0,825.1,786.7,1
Treinamento com peso matinal,0.0,6801,6801,0.0,WeightTraining,9514618043,2023-07-22T09:05:32Z,0,1,0,0,0.0,0.0,103.9,160.0,0.0,0.0,0
Corrida ao entardecer,993.3,327,330,0.0,Run,9496302133,2023-07-21T19:08:24Z,0,2,0,0,3.038,4.026,141.8,169.0,815.0,810.8,0
Corrida ao entardecer,1004.4,352,356,3.5,Run,9496302125,2023-07-21T18:59:33Z,1,2,0,0,2.853,3.86,130.2,139.0,814.7,810.8,0
Corrida ao entardecer,996.8,331,336,0.0,Run,9496302128,2023-07-21T18:51:58Z,0,2,0,0,3.012,3.689,161.2,179.0,814.9,810.8,0
Corrida ao entardecer,1002.5,354,357,3.5,Run,9496211050,2023-07-21T18:43:11Z,1,2,0,0,2.832,3.67,157.0,174.0,814.8,810.8,0
Corrida ao entardecer,1014.7,327,336,0.0,Run,9496211037,2023-07-21T18:35:43Z,3,2,0,0,3.103,3.907,122.2,131.0,815.0,810.8,1
Treinamento com peso vespertino,0.0,3956,3956,0.0,WeightTraining,9496070649,2023-07-20T17:45:15Z,0,0,0,0,0.0,0.0,98.6,153.0,0.0,0.0,0
Corrida da tarde,10172.1,3639,4493,65.7,Run,9484223922,2023-07-19T17:46:05Z,2,3,0,0,2.795,12.829,160.3,173.0,845.0,784.3,1
Treinamento com peso vespertino,0.0,4358,4358,0.0,WeightTraining,9483823837,2023-07-18T17:50:08Z,0,0,0,0,0.0,0.0,102.4,150.0,,,0
Corrida ao entardecer,3056.1,1449,1486,85.6,Run,9470911232,2023-07-17T18:46:52Z,0,0,0,0,2.109,3.078,122.6,168.0,850.0,841.5,0
Treino regenerativo,2951.7,1361,1385,28.3,Run,9470803443,2023-07-17T18:20:39Z,0,0,0,0,2.169,3.425,132.6,162.0,836.1,807.9,0
Corrida da tarde,7332.9,2904,3026,51.6,Run,9452000212,2023-07-14T17:57:40Z,2,1,0,0,2.525,4.218,160.0,174.0,845.8,782.2,1
Corrida da tarde,1009.2,502,502,30.9,Run,9451902464,2023-07-14T17:48:51Z,0,0,0,0,2.01,2.513,160.6,182.0,844.9,812.0,0
Treinamento com peso vespertino,0.0,5354,5354,0.0,WeightTraining,9451749655,2023-07-13T17:50:48Z,0,0,0,0,0.0,0.0,114.6,161.0,,,0
Corrida da tarde,7027.6,2635,2710,27.2,Run,9440106544,2023-07-12T17:49:37Z,1,3,0,0,2.667,3.514,168.4,179.0,815.1,802.0,1
Treinamento com peso vespertino,0.0,5395,5395,0.0,WeightTraining,9439793680,2023-07-11T17:46:44Z,0,1,0,0,0.0,0.0,113.2,157.0,,,0
Corrida ao entardecer,5001.6,1869,1900,27.5,Run,9427004536,2023-07-10T18:23:24Z,0,3,0,0,2.676,3.791,151.1,184.0,814.1,787.6,0
Corrida ao entardecer,1011.9,450,453,13.1,Run,9426892053,2023-07-10T18:15:20Z,0,3,0,0,2.249,3.215,137.3,157.0,826.1,812.2,0
Treinamento com peso matinal,0.0,8012,8012,0.0,WeightTraining,9426744235,2023-07-08T09:05:53Z,0,0,0,0,0.0,0.0,101.9,157.0,,,0
Corrida ao entardecer,193.8,55,55,5.5,Run,9407989702,2023-07-07T18:31:51Z,0,1,0,0,3.524,4.58,143.6,156.0,840.4,833.2,0
Corrida ao entardecer,180.5,57,61,5.3,Run,9407989711,2023-07-07T18:28:52Z,0,1,0,0,3.167,3.566,122.7,127.0,840.4,833.3,0
Corrida ao entardecer,180.3,58,62,5.4,Run,9407989707,2023-07-07T18:25:44Z,0,1,0,0,3.109,3.669,130.9,137.0,840.5,833.4,0
Corrida ao entardecer,187.0,61,65,5.7,Run,9407956580,2023-07-07T18:22:46Z,0,0,0,0,3.066,3.85,113.8,126.0,840.4,833.1,0
Corrida ao entardecer,194.8,63,63,5.9,Run,9407956523,2023-07-07T18:19:56Z,0,0,0,0,3.091,3.545,140.2,148.0,840.6,833.0,0
Corrida ao entardecer,193.1,63,63,5.4,Run,9407956592,2023-07-07T18:17:05Z,0,0,0,0,3.065,3.629,149.4,160.0,839.6,832.5,0
Corrida ao entardecer,199.6,62,62,6.2,Run,9407956597,2023-07-07T18:14:16Z,0,0,0,0,3.22,4.647,106.9,118.0,840.8,833.0,0
Corrida ao entardecer,197.5,61,61,6.0,Run,9407956588,2023-07-07T18:11:22Z,0,0,0,0,3.238,4.255,128.6,134.0,840.8,833.1,0
Corrida ao entardecer,192.2,60,60,5.8,Run,9407956601,2023-07-07T18:08:25Z,0,0,0,0,3.203,3.91,117.5,123.0,840.5,833.0,0
Corrida ao entardecer,184.2,59,59,5.5,Run,9407956602,2023-07-07T18:04:50Z,0,0,0,0,3.123,3.816,115.8,122.0,840.4,833.2,0
Corrida da tarde,3076.1,1255,1280,31.2,Run,9407884820,2023-07-07T17:41:31Z,1,0,0,0,2.451,4.08,149.1,189.0,838.6,811.9,0
Treinamento com peso vespertino,0.0,6703,6703,0.0,WeightTraining,9402751079,2023-07-06T17:52:04Z,0,1,0,0,0.0,0.0,108.5,162.0,,,0
Corrida da tarde,8037.4,3237,3293,61.6,Run,9402751110,2023-07-05T17:37:22Z,0,2,0,0,2.483,3.735,159.8,177.0,841.5,785.7,0
Treinamento com peso vespertino,0.0,5298,5298,0.0,WeightTraining,9395539865,2023-07-04T17:44:02Z,0,0,0,0,0.0,0.0,101.0,147.0,,,0
Corrida ao entardecer,789.5,279,279,2.2,Run,9383318369,2023-07-03T18:58:13Z,0,1,0,0,2.83,3.558,131.3,178.0,814.4,811.8,0
Corrida ao entardecer,781.5,266,270,0.0,Run,9383219825,2023-07-03T18:50:46Z,0,1,0,0,2.938,3.524,160.8,174.0,814.1,811.7,0
Corrida ao entardecer,771.9,259,264,2.1,Run,9383219815,2023-07-03T18:44:17Z,0,0,0,0,2.98,3.441,123.8,136.0,814.8,811.9,0
Corrida ao entardecer,784.0,256,260,0.0,Run,9383219820,2023-07-03T18:37:19Z,1,0,0,0,3.063,4.202,132.2,144.0,814.1,811.7,1
Corrida ao entardecer,782.0,246,250,2.1,Run,9383219824,2023-07-03T18:31:07Z,0,0,0,0,3.179,4.167,132.3,148.0,814.9,811.9,0
Corrida ao entardecer,777.9,258,262,0.0,Run,9383219821,2023-07-03T18:24:32Z,1,0,0,0,3.015,3.811,107.2,121.0,814.0,811.7,0
Corrida ao entardecer,1012.6,454,463,2.2,Run,9383110922,2023-07-03T18:15:17Z,0,0,0,0,2.23,2.742,168.9,180.0,814.2,811.8,0
Treinamento com peso matinal,0.0,6191,6191,0.0,WeightTraining,9377738531,2023-07-01T08:29:04Z,0,0,0,0,0.0,0.0,111.2,163.0,,,0
Corrida da tarde,7502.5,3511,3611,123.4,Run,9364635829,2023-06-30T17:52:47Z,2,2,0,0,2.137,4.037,148.9,168.0,899.3,811.7,0
Corrida da tarde,1021.5,334,509,42.2,Run,9364439552,2023-06-30T17:43:57Z,1,1,0,0,3.058,11.154,120.7,151.0,858.8,815.5,1
Treinamento com peso vespertino,0.0,5300,5300,0.0,WeightTraining,9364398786,2023-06-29T17:51:42Z,0,0,0,0,0.0,0.0,113.1,156.0,,,0
Corrida da tarde,6016.4,2281,2316,17.4,Run,9353112027,2023-06-28T17:50:01Z,0,4,0,0,2.638,4.073,164.1,175.0,838.5,802.0,0
Corrida da tarde,985.1,528,540,28.2,Run,9352983871,2023-06-28T17:40:25Z,0,1,0,0,1.866,2.443,98.0,109.0,841.3,812.6,0
Treinamento com peso vespertino,0.0,5866,5866,0.0,WeightTraining,9347576812,2023-06-27T17:46:16Z,0,0,0,0,0.0,0.0,118.5,185.0,,,0
Corrida ao entardecer,5011.1,1810,1816,27.6,Run,9356935542,2023-06-26T18:29:29Z,4,1,0,0,2.769,4.039,167.9,177.0,814.1,787.6,3
Treinamento com peso matinal,0.0,5910,5910,0.0,WeightTraining,9363200476,2023-06-24T08:12:34Z,0,0,0,0,0.0,0.0,103.7,155.0,,,0
Corrida ao entardecer,285.4,90,94,0.0,Run,9321852749,2023-06-23T18:57:11Z,0,3,0,0,3.171,3.96,112.4,125.0,814.0,811.9,0
Corrida ao entardecer,293.0,83,83,0.0,Run,9321852746,2023-06-23T18:54:47Z,0,2,0,0,3.53,4.545,133.9,138.0,813.0,811.7,0
Corrida ao entardecer,296.1,85,85,0.0,Run,9321852748,2023-06-23T18:49:01Z,0,2,0,0,3.484,4.491,108.7,120.0,814.1,811.9,0
Corrida ao entardecer,290.4,86,86,0.0,Run,9321852737,2023-06-23T18:46:03Z,0,1,0,0,3.376,4.131,115.0,127.0,814.0,811.9,0
Corrida ao entardecer,297.9,88,88,0.0,Run,9321852740,2023-06-23T18:43:26Z,0,3,0,0,3.385,4.292,128.2,136.0,814.1,811.9,0
Corrida ao entardecer,282.7,83,88,0.0,Run,9321762987,2023-06-23T18:40:28Z,0,2,0,0,3.405,4.255,108.6,123.0,814.0,811.9,0
Corrida ao entardecer,292.4,85,88,0.0,Run,9321762977,2023-06-23T18:37:57Z,0,2,0,0,3.44,4.539,137.9,147.0,814.0,811.9,0
Corrida ao entardecer,292.7,84,84,0.0,Run,9321762973,2023-06-23T18:35:10Z,0,2,0,0,3.484,4.941,110.8,120.0,814.0,811.9,0
Corrida ao entardecer,294.5,81,81,0.0,Run,9321762980,2023-06-23T18:32:11Z,0,2,0,0,3.636,4.845,112.9,121.0,813.0,811.7,0
Corrida ao entardecer,1765.5,708,720,7.6,Run,9321763008,2023-06-23T18:19:32Z,0,3,0,0,2.494,3.347,161.3,178.0,814.1,808.0,0
Treinamento com peso vespertino,0.0,5518,5518,0.0,WeightTraining,9317046375,2023-06-22T17:43:17Z,0,0,0,0,0.0,0.0,112.7,161.0,,,0
Corrida da tarde,7097.5,2849,2915,56.3,Run,9310288214,2023-06-21T17:35:41Z,1,1,0,0,2.491,3.545,159.0,176.0,841.5,785.1,0
Treinamento com peso vespertino,0.0,5969,5969,0.0,WeightTraining,9309946448,2023-06-20T17:47:32Z,0,1,0,0,0.0,0.0,117.6,167.0,,,0
Corrida ao entardecer,5001.1,1865,2028,27.6,Run,9297691428,2023-06-19T18:21:25Z,2,0,0,0,2.682,4.331,170.2,183.0,814.5,787.6,0
Treinamento com peso matinal,0.0,5652,5652,0.0,WeightTraining,9297691240,2023-06-17T08:49:52Z,0,0,0,0,0.0,0.0,113.0,184.0,,,0
Corrida ao entardecer,10042.8,4152,4235,91.0,Run,9297691588,2023-06-16T18:21:25Z,2,0,0,0,2.419,3.85,161.7,179.0,865.5,780.9,0
Treinamento com peso vespertino,0.0,5721,5721,0.0,WeightTraining,9278510313,2023-06-15T17:47:48Z,0,0,0,0,0.0,0.0,117.2,166.0,,,0
Corrida ao entardecer,783.0,263,268,0.0,Run,9266902595,2023-06-14T18:23:14Z,0,1,0,0,2.977,4.1,162.2,177.0,814.3,811.7,0
Corrida ao entardecer,791.5,275,279,2.2,Run,9266877473,2023-06-14T18:15:51Z,0,1,0,0,2.878,4.466,165.7,178.0,814.3,811.7,0
Corrida ao entardecer,783.6,257,267,2.1,Run,9266877459,2023-06-14T18:08:55Z,0,1,0,0,3.049,3.695,124.8,136.0,814.9,811.9,0
Corrida ao entardecer,813.2,277,277,2.2,Run,9266877470,2023-06-14T18:01:56Z,0,1,0,0,2.936,3.724,167.1,176.0,814.4,811.7,0
Corrida da tarde,793.4,254,254,2.1,Run,9266877463,2023-06-14T17:53:50Z,0,1,0,0,3.124,4.692,106.7,127.0,815.1,811.9,0
Corrida da tarde,1991.6,925,942,45.6,Run,9266877544,2023-06-14T17:36:40Z,0,1,0,0,2.153,3.06,153.3,184.0,855.6,811.1,0
Treinamento com peso vespertino,0.0,4249,4249,0.0,WeightTraining,9266682892,2023-06-13T17:45:51Z,0,0,0,0,0.0,0.0,114.8,164.0,,,0
Corrida ao entardecer,5999.5,2329,2340,32.7,Run,9254119782,2023-06-12T18:15:50Z,1,3,0,0,2.576,3.776,165.5,179.0,832.0,802.2,0
Treinamento com peso matinal,0.0,3206,3206,0.0,WeightTraining,9253912222,2023-06-10T09:05:08Z,0,1,0,0,0.0,0.0,103.4,158.0,,,0
Corrida ao entardecer,810.9,388,403,0.0,Run,9235060929,2023-06-09T18:58:19Z,0,2,0,0,2.09,3.123,140.2,155.0,841.5,813.0,0
Corrida ao entardecer,94.1,31,31,4.3,Run,9235016483,2023-06-09T18:53:40Z,0,2,0,0,3.037,3.954,96.6,100.0,849.8,841.9,0
Corrida ao entardecer,92.6,31,31,4.4,Run,9235016484,2023-06-09T18:52:06Z,0,2,0,0,2.987,3.887,108.9,124.0,850.0,841.9,0
Corrida ao entardecer,91.9,30,30,4.6,Run,9235009035,2023-06-09T18:50:25Z,0,2,0,0,3.064,3.659,111.7,116.0,850.1,841.9,0
Corrida ao entardecer,92.4,29,29,4.3,Run,9235009031,2023-06-09T18:48:53Z,0,2,0,0,3.186,4.065,115.2,118.0,849.8,841.9,0
Corrida ao entardecer,95.4,33,33,4.6,Run,9235009033,2023-06-09T18:47:01Z,0,2,0,0,2.89,3.566,115.9,122.0,849.8,841.9,0
Corrida ao entardecer,99.1,31,31,4.8,Run,9235009037,2023-06-09T18:45:11Z,0,2,0,0,3.198,4.211,98.7,113.0,850.2,841.9,0
Corrida ao entardecer,67.9,22,30,3.9,Run,9235009106,2023-06-09T18:43:34Z,0,2,0,0,3.085,6.339,97.4,101.0,849.4,842.9,0
Corrida ao entardecer,98.6,29,29,5.2,Run,9235009036,2023-06-09T18:41:55Z,0,2,0,0,3.401,4.406,106.0,119.0,850.1,841.6,0
Corrida ao entardecer,95.0,29,29,5.0,Run,9235009103,2023-06-09T18:40:25Z,0,2,0,0,3.275,4.224,110.9,117.0,850.2,841.9,0
Corrida ao entardecer,85.3,25,25,4.0,Run,9235009099,2023-06-09T18:38:51Z,0,2,0,0,3.414,4.196,100.1,106.0,850.1,841.9,0
Corrida ao entardecer,80.1,20,23,2.8,Run,9235009096,2023-06-09T18:37:21Z,0,2,0,0,4.006,4.837,133.8,137.0,849.8,843.8,0
Corrida ao entardecer,183.2,79,85,4.8,Run,9235009095,2023-06-09T18:35:35Z,0,2,0,0,2.319,3.779,129.2,146.0,850.1,841.9,0
Corrida ao entardecer,2173.8,883,920,22.7,Run,9235009172,2023-06-09T18:14:49Z,0,3,0,0,2.462,3.892,148.7,173.0,832.8,811.3,0
Corrida da tarde,12194.1,4978,5183,67.0,Run,9222950836,2023-06-07T17:25:47Z,3,2,0,0,2.45,4.797,169.7,182.0,838.5,775.5,0
Treinamento com peso vespertino,0.0,4899,4899,0.0,WeightTraining,9222560360,2023-06-06T17:41:26Z,0,1,0,0,0.0,0.0,107.7,169.0,,,0
Corrida ao entardecer,6389.1,2714,2765,36.1,Run,9210016557,2023-06-05T18:19:45Z,3,2,0,0,2.354,3.927,143.6,178.0,822.8,787.6,0
Treinamento com peso matinal,0.0,3876,3876,0.0,WeightTraining,9206515009,2023-06-03T09:00:01Z,0,2,0,0,0.0,0.0,110.6,150.0,,,0
Corrida ao entardecer,164.4,40,43,0.0,Run,9190611853,2023-06-02T19:11:05Z,0,2,0,0,4.111,5.242,136.8,141.0,814.0,811.9,0
Corrida ao entardecer,167.6,43,71,0.0,Run,9190611860,2023-06-02T19:07:30Z,0,2,0,0,3.898,4.453,135.4,143.0,814.0,811.9,0
Corrida ao entardecer,164.7,43,43,0.0,Run,9190611861,2023-06-02T19:03:48Z,0,1,0,0,3.831,4.661,132.6,136.0,814.0,811.9,0
Corrida ao entardecer,172.2,53,62,0.0,Run,9190611850,2023-06-02T19:00:31Z,0,1,0,0,3.249,4.397,141.9,147.0,814.0,811.9,0
Corrida ao entardecer,180.1,49,49,0.0,Run,9190611859,2023-06-02T18:57:16Z,0,1,0,0,3.675,4.871,140.8,154.0,814.1,811.9,0
Corrida ao entardecer,168.8,43,43,0.0,Run,9190611847,2023-06-02T18:53:58Z,0,1,0,0,3.925,4.91,134.0,137.0,814.0,811.9,0
Corrida ao entardecer,165.5,45,45,0.0,Run,9190534471,2023-06-02T18:50:47Z,0,1,0,0,3.678,4.401,147.1,161.0,814.0,811.9,0
Corrida ao entardecer,160.9,47,47,0.0,Run,9190534464,2023-06-02T18:47:44Z,0,1,0,0,3.424,4.769,99.9,105.0,814.0,811.9,0
Corrida ao entardecer,165.6,48,48,0.0,Run,9190534479,2023-06-02T18:44:51Z,0,1,0,0,3.45,4.364,106.9,116.0,814.0,811.9,0
Corrida ao entardecer,207.0,59,59,0.0,Run,9190534481,2023-06-02T18:42:04Z,0,1,0,0,3.509,5.159,116.2,121.0,814.1,811.9,0
Corrida ao entardecer,2437.2,1048,1070,6.9,Run,9190534498,2023-06-02T18:22:47Z,0,1,0,0,2.326,3.162,148.6,165.0,814.9,811.5,0
Treinamento com peso vespertino,0.0,3248,3248,0.0,WeightTraining,9185234424,2023-06-01T17:58:11Z,0,1,0,0,0.0,0.0,105.1,135.0,,,0
Corrida da tarde,6051.0,2400,2560,31.0,Run,9185234490,2023-05-31T17:39:35Z,3,0,0,0,2.521,4.083,146.0,176.0,816.7,787.6,1
Treinamento com peso vespertino,0.0,4649,4649,0.0,WeightTraining,9178350904,2023-05-30T17:39:59Z,0,0,0,0,0.0,0.0,103.7,144.0,,,0
Corrida ao entardecer,6263.2,2594,2603,45.1,Run,9165994850,2023-05-29T18:12:17Z,1,2,0,0,2.414,3.998,158.0,179.0,830.8,787.6,0
Corrida matinal,4921.8,1903,1974,66.3,Run,9149464625,2023-05-27T08:11:00Z,0,2,0,0,2.586,7.89,135.4,178.0,823.4,784.5,0
Corrida ao entardecer,1005.0,422,422,15.4,Run,9146596061,2023-05-26T19:25:22Z,0,1,0,0,2.382,3.466,162.6,175.0,810.9,794.9,0
Corrida ao entardecer,9300.1,3889,3964,78.2,Run,9146596177,2023-05-26T18:18:51Z,1,1,0,0,2.391,3.441,161.8,173.0,865.5,777.1,0
Corrida da tarde,5729.9,2431,2639,62.7,Run,9134532931,2023-05-24T17:38:21Z,0,0,0,0,2.357,4.143,165.5,177.0,865.5,808.1,0
Corrida ao entardecer,6327.8,2577,2597,45.3,Run,9121832095,2023-05-22T18:18:41Z,2,1,0,0,2.455,3.949,164.2,179.0,830.7,787.6,1
Corrida ao entardecer,259.9,87,90,10.5,Run,9102636990,2023-05-19T19:09:21Z,0,1,0,0,2.987,3.795,112.0,124.0,831.2,818.1,0
Corrida ao entardecer,269.7,91,96,11.0,Run,9102636940,2023-05-19T19:04:45Z,0,1,0,0,2.963,4.082,104.2,110.0,831.9,818.2,0
Corrida ao entardecer,266.3,97,101,10.7,Run,9102636993,2023-05-19T18:59:26Z,0,1,0,0,2.745,3.59,146.9,159.0,832.0,818.6,0
Corrida ao entardecer,272.7,97,100,11.2,Run,9102636942,2023-05-19T18:54:14Z,0,1,0,0,2.811,3.293,105.6,113.0,832.1,818.5,0
Corrida ao entardecer,275.9,85,88,11.3,Run,9102563738,2023-05-19T18:49:35Z,0,1,0,0,3.246,4.096,128.0,130.0,832.1,818.4,0
Corrida ao entardecer,280.7,88,88,11.8,Run,9102563750,2023-05-19T18:43:53Z,0,1,0,0,3.19,3.826,135.9,141.0,832.1,818.0,0
Corrida ao entardecer,3449.4,1364,1447,14.6,Run,9102537765,2023-05-19T18:17:26Z,0,2,0,0,2.529,3.774,126.2,175.0,814.8,801.8,0
Corrida ao entardecer,558.9,265,270,0.0,Run,9072996007,2023-05-14T19:57:36Z,0,1,0,0,2.109,3.997,145.0,161.0,13.2,12.4,0
Corrida ao entardecer,3195.3,1290,1425,0.0,Run,9072996052,2023-05-14T19:31:58Z,0,2,0,0,2.477,4.029,146.4,173.0,13.7,12.1,0
Corrida ao entardecer,2294.5,959,964,25.5,Run,9043522866,2023-05-08T18:36:34Z,0,1,0,0,2.393,3.598,169.8,178.0,813.1,787.6,0
Corrida ao entardecer,2473.6,872,1257,2.1,Run,9043522868,2023-05-08T18:14:43Z,2,1,0,0,2.837,3.323,171.5,177.0,814.1,787.6,1
Treinamento com peso matinal,0.0,5704,5704,0.0,WeightTraining,9034871202,2023-05-08T09:27:41Z,0,1,0,0,0.0,0.0,118.0,173.0,,,0
Corrida ao entardecer,7195.0,2927,2970,75.3,Run,9017559154,2023-05-05T18:19:32Z,0,1,0,0,2.458,4.116,160.7,176.0,844.4,801.9,0
Corrida ao entardecer,7022.1,2722,3144,40.5,Run,9006033826,2023-05-03T19:18:09Z,3,1,0,0,2.58,5.062,167.5,182.0,813.1,787.4,1
Corrida vespertina,2500.1,1041,1170,9.3,Run,8993107114,2023-05-01T17:50:32Z,0,1,0,0,2.402,10.164,148.1,161.0,814.1,804.4,0
Corrida ao entardecer,5249.3,2239,2293,103.8,Run,8974350074,2023-04-28T18:40:29Z,2,0,0,0,2.344,6.289,163.6,177.0,838.8,812.9,0
Corrida ao entardecer,3130.1,1264,1284,12.9,Run,8974350056,2023-04-28T18:17:59Z,0,0,0,0,2.476,5.772,138.7,171.0,814.1,802.1,0
Corrida ao entardecer,5060.6,2042,2327,63.8,Run,8969290475,2023-04-27T19:42:36Z,0,2,0,0,2.478,3.653,167.5,181.0,808.2,776.1,0
Treinamento com peso vespertino,0.0,4035,4035,0.0,WeightTraining,8969139073,2023-04-27T17:48:10Z,0,0,0,0,0.0,0.0,105.2,161.0,,,0
Treinamento com peso ao entardecer,0.0,4913,4913,0.0,WeightTraining,8967555189,2023-04-25T18:02:08Z,0,0,0,0,0.0,0.0,104.3,142.0,,,0
Corrida ao entardecer,5347.9,2063,2091,25.5,Run,8967555382,2023-04-24T18:16:14Z,4,0,0,0,2.592,4.558,168.3,179.0,814.2,787.6,1
Corrida matinal,3719.3,1471,2597,27.1,Run,8929967294,2023-04-21T08:18:45Z,0,1,0,0,2.528,8.273,172.0,178.0,811.6,787.5,0
Treinamento com peso vespertino,0.0,3654,3654,0.0,WeightTraining,8929724291,2023-04-20T17:56:25Z,0,0,0,0,0.0,0.0,110.4,160.0,,,0
Corrida vespertina,5350.0,2613,2613,0.0,Run,8929724297,2023-04-19T17:43:40Z,0,0,0,0,2.047,0.0,157.1,176.0,,,0
Treinamento com peso vespertino,0.0,5400,5400,0.0,WeightTraining,8929724317,2023-04-18T17:42:02Z,0,0,0,0,0.0,0.0,105.1,162.0,,,0
Corrida ao entardecer,503.8,206,222,13.3,Run,8929724260,2023-04-17T18:35:25Z,0,0,0,0,2.446,3.065,143.6,179.0,801.7,787.7,0
Corrida ao entardecer,2658.6,964,990,2.1,Run,8909310351,2023-04-17T18:18:38Z,0,0,0,0,2.758,4.224,99.5,109.0,814.1,787.4,0
Corrida ao entardecer,1585.7,705,712,19.1,Run,8909310364,2023-04-14T19:11:28Z,0,0,0,0,2.249,3.01,99.7,116.0,808.3,791.9,0
Corrida ao entardecer,5665.8,2411,2817,26.9,Run,8909310417,2023-04-14T18:16:05Z,0,0,0,0,2.35,4.47,131.1,180.0,814.1,783.4,0
Treinamento com peso vespertino,0.0,6235,6235,0.0,WeightTraining,8887007304,2023-04-13T17:41:17Z,0,0,0,0,0.0,0.0,106.0,150.0,,,0
Corrida vespertina,5550.0,2489,2489,0.0,Run,8882833469,2023-04-12T17:46:24Z,0,0,0,0,2.23,0.0,155.0,178.0,,,0
Treinamento com peso vespertino,0.0,5019,5019,0.0,WeightTraining,8882833507,2023-04-11T17:44:24Z,0,0,0,0,0.0,0.0,108.6,179.0,,,0
Corrida ao entardecer,5231.1,2113,2141,65.3,Run,8882833532,2023-04-10T18:12:39Z,3,0,0,0,2.476,6.31,147.3,178.0,844.4,811.7,1
Corrida matinal,5788.1,2574,2970,129.5,Run,8847021268,2023-04-07T07:08:04Z,5,1,0,0,2.249,7.593,153.5,177.0,894.4,812.6,3
Caminhada matinal,1403.4,983,983,9.1,Walk,8846674112,2023-04-07T06:43:46Z,0,0,0,0,1.428,2.1,118.4,133.0,813.1,803.8,0
Corrida ao entardecer,8751.1,3595,3708,70.1,Run,8839441461,2023-04-05T18:07:13Z,1,0,0,0,2.434,4.281,162.9,177.0,814.1,783.4,0
Treinamento com peso vespertino,0.0,5546,5546,0.0,WeightTraining,8837389171,2023-04-04T17:53:36Z,0,0,0,0,0.0,0.0,109.7,167.0,,,0
Corrida ao entardecer,4737.2,1805,1872,27.8,Run,8837389273,2023-04-03T18:21:16Z,1,0,0,0,2.624,10.229,124.9,172.0,814.1,787.4,0
Corrida matinal,9746.4,3904,4010,88.5,Run,8818828207,2023-04-02T08:00:32Z,3,1,0,0,2.497,4.544,172.8,181.0,813.1,781.3,1
Corrida ao entardecer,4770.1,1970,2025,27.6,Run,8810014428,2023-03-31T18:17:35Z,1,0,0,0,2.421,3.78,157.4,170.0,814.1,787.6,0
Corrida ao entardecer,7118.8,2942,3115,38.1,Run,8810014467,2023-03-29T18:05:46Z,0,0,0,0,2.42,8.061,155.4,178.0,814.1,780.9,0
Treinamento com peso vespertino,0.0,5768,5768,0.0,WeightTraining,8810014402,2023-03-28T17:54:02Z,0,0,0,0,0.0,0.0,102.2,141.0,,,0
Corrida ao entardecer,9738.2,3975,4000,89.1,Run,8788663322,2023-03-27T18:44:41Z,4,1,0,0,2.45,4.149,167.8,178.0,813.8,781.9,3
Treinamento com peso matinal,0.0,6422,6422,0.0,WeightTraining,8783625738,2023-03-25T08:37:27Z,0,0,0,0,0.0,0.0,117.2,166.0,,,0
Corrida ao entardecer,8942.8,3734,3869,71.2,Run,8783625788,2023-03-24T18:16:18Z,1,0,0,0,2.395,4.003,166.7,176.0,814.1,781.9,0
Corrida ao entardecer,10077.1,4588,4679,90.2,Run,8783625797,2023-03-22T18:04:19Z,4,0,0,0,2.196,3.844,155.2,179.0,814.1,781.9,0
Treinamento com peso ao entardecer,0.0,5581,5581,0.0,WeightTraining,8760558150,2023-03-21T18:01:54Z,0,0,0,0,0.0,0.0,97.6,141.0,,,0
Corrida ao entardecer,4603.7,1768,1774,27.6,Run,8760558140,2023-03-20T18:12:09Z,2,0,0,0,2.604,3.977,120.0,182.0,814.1,787.6,1
Corrida ao entardecer,8951.7,3762,3875,73.1,Run,8731686598,2023-03-17T18:17:19Z,2,1,0,0,2.379,4.422,165.5,180.0,814.1,781.9,1
Corrida ao entardecer,3754.5,830,2360,17.1,Run,8720999426,2023-03-15T18:20:27Z,1,1,0,0,4.524,4.017,159.6,177.0,814.3,797.6,1
Corrida ao entardecer,7036.4,2965,3020,39.1,Run,8689012632,2023-03-09T18:06:08Z,3,0,0,0,2.373,3.509,159.4,180.0,814.1,781.1,0
Corrida ao entardecer,7019.7,3109,3154,54.1,Run,8689012591,2023-03-08T18:07:32Z,0,0,0,0,2.258,3.787,152.8,168.0,838.9,787.6,0
Treinamento com peso vespertino,0.0,4639,4639,0.0,WeightTraining,8689012566,2023-03-07T17:45:17Z,0,0,0,0,0.0,0.0,111.0,184.0,,,0
Corrida ao entardecer,4896.1,1838,1897,28.7,Run,8689012584,2023-03-06T18:22:18Z,3,0,0,0,2.664,3.622,169.4,181.0,814.1,787.4,2
Corrida ao entardecer,8194.3,3398,3496,82.1,Run,8655022476,2023-03-03T18:26:59Z,2,1,0,0,2.412,3.894,165.0,176.0,865.5,787.4,0
Corrida vespertina,5927.0,2577,2678,67.3,Run,8644261312,2023-03-01T17:42:42Z,0,1,0,0,2.3,5.568,158.6,171.0,865.5,787.6,0
Corrida ao entardecer,5259.2,1796,2053,29.3,Run,8633077372,2023-02-27T18:13:42Z,6,0,0,0,2.928,11.241,169.7,180.0,814.9,787.4,3
Corrida ao entardecer,10029.1,4418,4532,91.2,Run,8616579299,2023-02-24T18:17:30Z,2,1,0,0,2.27,3.553,169.6,180.0,865.5,780.9,0
Treinamento com peso vespertino,0.0,4490,4490,0.0,WeightTraining,8616271499,2023-02-23T17:41:15Z,0,0,0,0,0.0,0.0,112.4,178.0,,,0
Corrida vespertina,5371.0,2891,2891,0.0,Run,8616271491,2023-02-22T17:43:21Z,0,0,0,0,1.858,0.0,168.8,183.0,,,0
Corrida ao entardecer,5504.0,2861,2861,0.0,Run,8616271544,2023-02-17T18:17:51Z,0,0,0,0,1.924,0.0,168.5,185.0,,,0
Treinamento com peso matinal,0.0,2312,2312,0.0,WeightTraining,8616271488,2023-02-16T06:07:07Z,0,0,0,0,0.0,0.0,107.6,140.0,,,0
Corrida ao entardecer,6733.8,2813,2924,59.1,Run,8616271524,2023-02-13T18:14:27Z,4,0,0,0,2.394,3.356,154.2,179.0,845.3,787.4,0
Corrida ao entardecer,7634.9,3363,3501,129.8,Run,8616271611,2023-02-10T18:12:53Z,3,0,0,0,2.27,3.442,159.2,182.0,840.9,811.7,1
Treinamento com peso matinal,0.0,2304,2304,0.0,WeightTraining,8616271547,2023-02-09T06:09:51Z,0,0,0,0,0.0,0.0,103.6,138.0,,,0
Treinamento com peso matinal,0.0,2286,2286,0.0,WeightTraining,8616271478,2023-02-08T06:08:53Z,0,0,0,0,0.0,0.0,110.0,140.0,,,0
Treinamento com peso vespertino,0.0,4744,4744,0.0,WeightTraining,8616271556,2023-02-07T17:46:02Z,0,0,0,0,0.0,0.0,105.1,139.0,,,0
Corrida ao entardecer,4836.1,1863,2040,27.6,Run,8517987259,2023-02-06T18:16:35Z,2,1,0,0,2.596,3.749,152.2,184.0,814.1,787.6,1
Corrida ao entardecer,3004.2,1385,1408,28.5,Run,8517987179,2023-02-03T18:14:29Z,0,0,0,0,2.169,3.097,152.8,173.0,839.1,811.7,0
Corrida ao entardecer,10034.8,4952,5080,156.4,Run,8495531331,2023-02-02T18:01:46Z,3,0,0,0,2.026,3.058,156.0,179.0,901.2,801.8,0
Corrida ao entardecer,6679.1,3109,3182,127.4,Run,8490138151,2023-02-01T18:15:57Z,0,0,0,0,2.148,3.853,149.4,175.0,900.2,811.9,0
Treinamento com peso matinal,0.0,2825,2825,0.0,WeightTraining,8490138015,2023-01-31T06:02:57Z,0,0,0,0,0.0,0.0,108.5,140.0,,,0
Corrida ao entardecer,6190.6,2940,2999,47.1,Run,8457448701,2023-01-26T18:16:23Z,0,2,0,0,2.106,4.365,153.6,175.0,814.1,787.4,0
Treinamento com peso matinal,0.0,1983,1983,0.0,WeightTraining,8456180765,2023-01-26T06:13:05Z,0,0,0,0,0.0,0.0,117.2,154.0,,,0
Treinamento com peso matinal,0.0,2280,2280,0.0,WeightTraining,8456180654,2023-01-25T06:09:30Z,0,0,0,0,0.0,0.0,97.6,124.0,,,0
Treinamento com peso matinal,0.0,2393,2393,0.0,WeightTraining,8443011513,2023-01-24T06:10:55Z,0,0,0,0,0.0,0.0,116.8,160.0,,,0
Corrida ao entardecer,1139.8,513,585,27.0,Run,8443011517,2023-01-23T19:03:07Z,0,0,0,0,2.222,4.066,158.4,174.0,840.0,812.3,0
Corrida ao entardecer,5258.0,2118,2146,57.8,Run,8443011541,2023-01-23T18:20:26Z,0,1,0,0,2.483,4.116,165.9,179.0,865.4,811.7,0
Corrida ao entardecer,7448.3,3149,3181,79.8,Run,8424757246,2023-01-20T18:18:46Z,1,1,0,0,2.365,3.424,165.6,177.0,865.5,787.6,0
Treinamento com peso matinal,0.0,2446,2446,0.0,WeightTraining,8422706461,2023-01-20T06:09:37Z,0,0,0,0,0.0,0.0,106.5,139.0,,,0
Corrida ao entardecer,4246.6,1772,1808,26.1,Run,8420068884,2023-01-19T18:01:03Z,1,0,0,0,2.397,3.551,161.9,176.0,814.1,787.6,0
Corrida ao entardecer,2884.1,1696,3454,91.7,Run,8415048772,2023-01-18T18:07:32Z,1,0,0,0,1.701,3.186,158.8,178.0,915.1,801.6,0
Treinamento com peso matinal,0.0,2677,2677,0.0,WeightTraining,8415048743,2023-01-18T06:08:36Z,0,0,0,0,0.0,0.0,103.6,134.0,,,0
Treinamento com peso matinal,0.0,2480,2480,0.0,WeightTraining,8415048741,2023-01-17T06:06:35Z,0,0,0,0,0.0,0.0,116.6,159.0,,,0
Corrida ao entardecer,4528.4,1793,1866,27.8,Run,8403918365,2023-01-16T18:20:40Z,1,2,0,0,2.526,3.502,151.8,182.0,814.1,787.4,1
Treino matinal,0.0,2485,2485,0.0,Workout,8403918347,2023-01-16T06:08:29Z,0,1,0,0,0.0,0.0,106.0,142.0,,,0
Treinamento com peso matinal,0.0,2826,2826,0.0,WeightTraining,8403918339,2023-01-13T06:06:13Z,0,0,0,0,0.0,0.0,105.3,146.0,,,0
Treinamento com peso matinal,0.0,2413,2413,0.0,WeightTraining,8379617044,2023-01-12T06:05:00Z,0,0,0,0,0.0,0.0,111.0,162.0,,,0
Corrida ao entardecer,333.5,123,131,12.4,Run,8377330576,2023-01-11T18:54:34Z,0,0,0,0,2.711,3.911,116.8,143.0,839.2,824.8,0
Corrida ao entardecer,471.7,179,184,18.9,Run,8377330566,2023-01-11T18:45:45Z,0,0,0,0,2.635,3.363,139.8,148.0,839.8,818.7,0
Corrida ao entardecer,3003.4,1289,1344,13.0,Run,8377330603,2023-01-11T18:17:23Z,0,1,0,0,2.33,3.13,156.1,177.0,814.1,801.8,0
Treino matinal,0.0,2823,2823,0.0,Workout,8373859502,2023-01-11T06:06:16Z,0,0,0,0,0.0,0.0,114.3,146.0,,,0
Treinamento com peso ao entardecer,0.0,3945,3945,0.0,WeightTraining,8373859490,2023-01-10T18:01:50Z,0,0,0,0,0.0,0.0,114.2,162.0,,,0
Corrida vespertina,3530.0,1806,1806,0.0,Run,8373859466,2023-01-09T17:56:08Z,0,0,0,0,1.955,0.0,144.6,172.0,,,0
Treinamento com peso na hora do almo√ßo,0.0,2812,2812,0.0,WeightTraining,8373859479,2023-01-09T11:08:44Z,0,0,0,0,0.0,0.0,106.4,145.0,,,0
Treinamento com peso vespertino,0.0,3991,3991,0.0,WeightTraining,8363387640,2023-01-04T17:49:53Z,0,0,0,0,0.0,0.0,112.0,160.0,,,0
Corrida ao entardecer,5857.7,3330,3402,142.3,Run,8333869554,2023-01-03T18:00:29Z,2,2,0,0,1.759,3.355,148.8,171.0,915.1,785.4,1
Corrida ao entardecer,8776.0,2195,2195,0.0,Run,8328558254,2023-01-02T18:08:46Z,0,2,0,0,3.998,0.0,158.9,178.0,,,0
Treino vespertino,0.0,4120,4120,0.0,Workout,8328558257,2022-12-28T17:50:37Z,0,0,0,0,0.0,0.0,104.5,150.0,,,0
Corrida ao entardecer,5746.8,2723,2737,65.3,Run,8328558295,2022-12-27T18:03:43Z,0,0,0,0,2.11,6.036,153.4,165.0,865.5,802.7,0
Corrida matinal,7102.9,3755,6048,224.7,Run,8328558399,2022-12-24T06:22:31Z,1,1,0,0,1.892,4.01,151.4,181.0,910.1,785.3,0
Corrida ao entardecer,10052.0,4441,4539,85.4,Run,8280261280,2022-12-22T18:02:34Z,0,1,0,0,2.263,3.326,163.1,184.0,824.0,781.3,0
Treino ao entardecer,0.0,3687,3687,0.0,Workout,8276850006,2022-12-21T18:02:04Z,0,0,0,0,0.0,0.0,109.8,149.0,,,0
Corrida ao entardecer,6634.0,2932,2961,54.6,Run,8276850043,2022-12-20T18:06:50Z,1,0,0,0,2.263,3.549,153.0,172.0,840.6,787.9,0
Corrida vespertina,7800.0,3717,3717,0.0,Run,8270547168,2022-12-19T17:44:34Z,0,0,0,0,2.098,0.0,156.1,172.0,,,0
Corrida matinal,4833.5,2502,4092,128.7,Run,8258047869,2022-12-17T05:53:36Z,0,0,0,0,1.932,2.898,142.6,170.0,910.5,785.4,0
Corrida ao entardecer,6648.4,2715,2738,55.4,Run,8256562177,2022-12-16T18:20:58Z,5,1,0,0,2.449,3.603,165.5,178.0,842.0,787.9,3
Treino vespertino,0.0,4399,4399,0.0,Workout,8256562151,2022-12-15T17:50:38Z,0,0,0,0,0.0,0.0,98.9,152.0,,,0
Treino vespertino,0.0,4492,4492,0.0,Workout,8256562249,2022-12-14T17:46:33Z,0,0,0,0,0.0,0.0,115.0,172.0,,,0
23 volta internacional da Pampulha ,18708.0,8555,8724,33.1,Run,8237952380,2022-12-11T07:17:03Z,1,2,0,0,2.187,3.689,162.0,175.0,831.4,804.4,0
Corrida ao entardecer,8120.9,3473,3477,80.9,Run,8229085453,2022-12-09T18:25:57Z,5,2,0,0,2.338,3.976,169.4,180.0,865.5,787.9,3
Corrida ao entardecer,7125.3,3266,3299,75.0,Run,8225352600,2022-12-08T18:43:48Z,2,1,0,0,2.182,3.727,159.9,173.0,842.0,787.9,0
Corrida vespertina,5010.0,2853,2853,0.0,Run,8221090926,2022-12-07T17:44:04Z,0,1,0,0,1.756,0.0,160.4,175.0,,,0
Evening Run,5028.1,2009,2025,38.9,Run,8181933451,2022-11-28T18:18:15Z,1,0,0,0,2.503,3.85,,,841.1,802.5,1
Evening Run,10195.8,4319,4368,92.1,Run,8168208674,2022-11-25T18:18:47Z,8,2,0,0,2.361,4.359,,,865.5,781.2,1
Morning Run,7790.0,3761,3802,80.4,Run,8167986784,2022-11-23T08:25:06Z,5,0,0,0,2.071,3.395,,,865.5,787.9,0
Evening Run,6848.4,2880,2896,55.5,Run,8136695872,2022-11-18T18:20:37Z,5,1,0,0,2.378,3.622,,,842.0,787.9,1
Morning Run,6081.6,2376,2407,45.9,Run,8076679801,2022-11-06T08:05:40Z,1,1,0,0,2.56,4.376,,,796.8,778.7,1
Evening Run,10181.4,4253,4280,91.0,Run,8069022072,2022-11-04T18:17:23Z,0,1,0,0,2.394,4.524,,,865.5,781.4,0
Trilha dos escravos ,317.4,563,786,65.1,Run,1426469890,2018-02-25T09:38:16Z,0,0,1,0,0.564,1.3,,,916.9,847.0,0
Morning Run,5175.4,1929,1965,45.7,Run,1413713330,2018-02-18T08:20:33Z,2,2,0,0,2.683,5.1,,,822.0,784.2,1
Evening Run,4730.9,1818,1856,48.9,Run,1409251189,2018-02-15T18:21:19Z,0,5,0,0,2.602,3.8,,,837.2,806.0,0
Morning Run,4650.2,1828,1847,49.9,Run,1405330756,2018-02-13T08:27:58Z,0,4,0,0,2.544,3.6,,,837.3,806.0,0
Evening Run,4752.0,1815,1886,57.1,Run,1398207347,2018-02-08T18:11:20Z,0,3,0,0,2.618,3.9,,,837.5,806.0,0
Afternoon Run,4432.8,1734,1918,49.3,Run,1395028908,2018-02-06T17:56:45Z,2,3,0,0,2.556,4.0,,,837.3,806.0,0
Corrida/escadas ao entardecer,2959.1,1204,1409,32.6,Run,1381923631,2018-01-29T18:05:41Z,0,1,2,0,2.458,3.8,,,818.2,782.2,0
Corrida ao entardecer,3124.5,1234,1550,33.5,Run,1365142821,2018-01-19T18:31:43Z,1,4,0,0,2.532,4.0,,,823.8,782.2,0
Corrida ao entardecer,4704.4,1751,1786,59.0,Run,1362212654,2018-01-17T18:47:09Z,5,4,0,0,2.687,4.0,,,837.4,806.0,5
Corrida/escadaria matinal,3486.5,1514,4063,107.9,StairStepper,1356519827,2018-01-14T08:40:18Z,0,3,0,0,2.303,3.7,,,881.4,754.8,0
Corrida vespertina,3284.5,1292,1621,55.9,Run,1350712279,2018-01-10T17:55:21Z,3,2,0,0,2.542,4.0,,,819.4,780.8,0
Corrida ao entardecer,4701.3,1797,1823,49.3,Run,1347448114,2018-01-08T18:05:07Z,0,2,0,0,2.616,3.9,,,837.3,806.0,0
Corrida ao entardecer,4817.7,1831,1887,49.5,Run,1337918211,2018-01-02T18:14:35Z,0,3,0,0,2.631,3.8,,,837.4,806.0,0
Corrida ao entardecer,4712.9,1913,1953,58.9,Run,1330921272,2017-12-28T18:16:41Z,1,3,0,0,2.464,3.7,,,837.2,806.0,0
Corrida ao entardecer,4720.9,1791,1813,59.1,Run,1328303470,2017-12-26T18:12:39Z,0,4,0,0,2.636,4.0,,,837.3,806.0,0
Corrida ao entardecer,4710.3,1800,1841,58.9,Run,1323373569,2017-12-22T18:10:49Z,0,2,0,0,2.617,3.6,,,837.4,806.0,0
Corrida ao entardecer,6561.0,2553,2583,80.9,Run,1322343507,2017-12-21T18:15:44Z,1,4,0,0,2.57,3.6,,,837.2,784.2,0
Corrida ao entardecer,5636.2,2178,2546,67.3,Run,1318870080,2017-12-18T18:47:01Z,2,5,0,0,2.588,3.5,,,837.3,796.8,1
Corrida ao entardecer,7150.3,2806,3107,78.2,Run,1315161511,2017-12-15T18:47:17Z,1,3,0,0,2.548,4.1,,,826.8,806.0,1
Corrida ao entardecer,4533.9,1804,1856,55.6,Run,1314162002,2017-12-14T18:52:00Z,0,5,0,0,2.513,4.5,,,826.8,806.0,0
Corrida ao entardecer,4359.0,1678,1695,49.0,Run,1313113266,2017-12-13T19:32:04Z,1,2,0,0,2.598,3.7,,,826.8,806.0,1
Corrida ao entardecer,5081.4,1973,2008,57.5,Run,1310778869,2017-12-11T18:51:13Z,2,1,0,0,2.575,3.7,,,826.8,797.4,0
Corrida ao entardecer,4605.5,1764,1842,48.7,Run,1304875524,2017-12-06T18:08:39Z,1,3,0,0,2.611,3.9,,,826.8,806.0,0
Corrida ao entardecer,4351.8,1739,1766,39.6,Run,1302215610,2017-12-04T18:04:04Z,1,2,0,0,2.502,3.9,,,826.8,806.0,0
Corrida ao entardecer,5196.6,2092,2131,58.7,Run,1297111182,2017-11-30T18:11:38Z,2,1,0,0,2.484,3.9,,,826.8,797.0,0
Corrida ao entardecer,5091.7,2136,2164,52.6,Run,1295860678,2017-11-29T18:09:29Z,1,0,0,0,2.384,3.9,,,826.8,797.0,0
Corrida ao entardecer,5137.7,2000,2034,48.8,Run,1287845620,2017-11-23T18:20:38Z,4,1,0,0,2.569,4.4,,,826.9,797.2,3
Corrida ao entardecer,4374.8,1644,1662,43.1,Run,1283727887,2017-11-20T18:17:45Z,6,0,0,0,2.661,4.5,,,826.8,806.0,5
Corrida ao entardecer,4400.8,1711,1753,57.7,Run,1278199910,2017-11-16T18:10:09Z,5,0,0,0,2.572,3.9,,,826.8,806.0,0
Corrida ao entardecer,4368.0,1631,1654,49.4,Run,1276910066,2017-11-15T18:15:17Z,4,0,0,0,2.678,3.9,,,826.8,806.0,1
Corrida ao entardecer,4426.8,1767,1793,30.0,Run,1274057975,2017-11-13T18:10:19Z,6,0,0,0,2.505,4.5,,,826.9,806.0,5
Corrida ao entardecer,4658.0,1908,1939,51.0,Run,1267094164,2017-11-08T18:01:10Z,0,0,0,0,2.441,4.2,,,826.8,806.0,0
Corrida ao entardecer,4429.1,1823,1829,53.7,Run,1256993909,2017-11-01T18:13:20Z,1,0,0,0,2.43,3.8,,,826.8,806.0,1
Corrida ao entardecer,4348.7,1779,1792,51.7,Run,1248238782,2017-10-26T18:05:39Z,3,0,0,0,2.444,4.0,,,826.9,806.0,0
Corrida ao entardecer,4370.7,1754,1770,51.2,Run,1246823253,2017-10-25T18:13:15Z,2,0,0,0,2.492,4.8,,,826.8,805.5,0
Corrida ao entardecer,4381.0,1762,1790,47.6,Run,1243892800,2017-10-23T18:11:54Z,3,0,0,0,2.486,4.2,,,826.9,806.0,1
Corrida ao entardecer,4310.1,1781,1828,49.1,Run,1238096035,2017-10-19T18:18:46Z,6,0,0,0,2.42,3.9,,,826.9,806.0,2
Caminhada ao entardecer.,4251.9,1787,1787,39.4,Run,1236649403,2017-10-18T18:18:54Z,6,0,0,0,2.379,4.0,,,826.9,806.0,4
Corrida ao entardecer,4290.9,1699,1746,49.2,Run,1233628495,2017-10-16T18:28:35Z,6,0,0,0,2.526,3.7,,,826.9,806.0,6
Corrida ao entardecer,4278.8,1911,1937,49.1,Run,1227482745,2017-10-12T18:20:44Z,6,0,0,0,2.239,3.9,,,826.9,806.0,1
Corrida ao entardecer,4374.0,1918,1939,54.0,Run,1225976159,2017-10-11T18:20:46Z,6,0,0,0,2.281,4.3,,,826.9,805.6,3
Corrida ao entardecer,4413.7,1987,2005,53.6,Run,1223039145,2017-10-09T18:27:50Z,1,0,0,0,2.221,4.9,,,826.9,806.0,1
